date,strategy_gross_return,strategy_net_return,benchmark_return,turnover,strategy_equity,benchmark_equity
2020-07-31,0.0,-0.001,0.0,1.0,0.999,1.0
2020-08-03,0.015258851502213622,0.015258851502213622,0.019055323160640736,0.0,1.0142435926507114,1.0190553231606407
2020-08-04,0.011696530983072476,0.011696530983072476,0.0022765550734951123,0.0,1.0261067242565332,1.0213752587267544
2020-08-05,0.009990001080323847,0.009990001080323847,0.005034647922442348,0.0,1.0363575315403835,1.026517523551137
2020-08-06,0.015146510212461273,0.015146510212461273,0.024817758128013567,0.0,1.052054731475621,1.0519933871647966
2020-08-07,-0.01752509222040166,-0.01752509222040166,-0.011746351422391,0.0,1.0336173752856008,1.0396363031451274
2020-08-10,0.001786937960987907,0.001786937960987907,-0.006964226440202004,0.0,1.0354643854106353,1.0323960405145702
2020-08-11,-0.02646364845921963,-0.02646364845921963,-0.025851694556758065,0.0,1.0080622199230864,1.0057068534135811
2020-08-12,0.03803780283776821,0.03803780283776821,0.03158263516589388,0.0,1.0464066918927237,1.0374697260487813
2020-08-13,0.005850723000688377,0.005850723000688377,0.00422129223975265,0.0,1.0525289275930547,1.0418491889523294
2020-08-14,0.0018566611636649706,0.0018566611636649706,0.0013560659662055219,0.0,1.0544831171765507,1.0432620051793864
2020-08-17,0.025053049490837715,0.025053049490837715,0.016731769190805545,0.0,1.0809011348984277,1.060717624255585
2020-08-18,0.014342326811350208,0.014342326811350208,0.010083337726074948,0.0,1.0964037722259004,1.0714131982929538
2020-08-19,-0.008139158147984677,-0.008139158147984677,-0.005946892880660304,0.0,1.0874799685297067,1.06504161877178
2020-08-20,0.011236671365394042,0.011236671365394042,0.016012135101750147,0.0,1.099699623552524,1.0820952090605405
2020-08-21,0.030793076099570344,0.030793076099570344,0.01646102492985002,0.0,1.1335627577472458,1.0999076052733572
2020-08-24,0.007260234129252103,0.007260234129252103,0.00822138832144903,0.0,1.1417926887686913,1.1089503728140244
2020-08-25,0.0019785372383251576,0.0019785372383251576,0.010130076667505872,0.0,1.1440517681218676,1.1201841251110898
2020-08-26,0.014632813859316363,0.014632813859316363,0.028961377371161667,0.0,1.1607924646902166,1.1526262002836167
2020-08-27,-0.011815273416352171,-0.011815273416352171,-0.009840240225107433,0.0,1.1470773843402604,1.1412840815830732
2020-08-28,0.013349132562524605,0.013349132562524605,0.010642009569170163,0.0,1.1623898724032924,1.1534296377004218
2020-08-31,0.021869882427333488,0.021869882427333488,0.01013652034587964,0.0,1.1878112022474756,1.1651214006905128
2020-09-01,0.029160527512512337,0.029160527512512337,0.021194160898831305,0.0,1.2224484034902836,1.1898151711234193
2020-09-02,0.008847543566340321,0.008847543566340321,0.013913999189125725,0.0,1.233264068997767,1.20637025844964
2020-09-03,-0.07303988499747756,-0.07303988499747756,-0.06486977133652483,0.0,1.143186603226649,1.1281132956368276
2020-09-04,-0.017106855187918508,-0.017106855187918508,-0.01905057091544815,0.0,1.123630275552482,1.1066220932976383
2020-09-08,-0.05581609640813804,-0.05581609640813804,-0.05270686938221725,0.0,1.060913619765142,1.0482955071707238
2020-09-09,0.048304877302443254,0.048304877302443254,0.03964964938268567,0.0,1.1121609219963882,1.0898600564794876
2020-09-10,-0.03098855266015236,-0.03098855266015236,-0.028406501264632955,0.0,1.0776966646985395,1.05890094540683
2020-09-11,-0.01454554633134053,-0.01454554633134053,-0.01112830857967817,0.0,1.0620209779310357,1.04711716893103
2020-09-14,0.027976561729442736,0.027976561729442736,0.018932146160786312,0.0,1.0917326733780863,1.066941344220701
2020-09-15,0.009305922926092927,0.009305922926092927,0.013286738781277618,0.0,1.1018922534924402,1.0811175151563066
2020-09-16,-0.030305483100246017,-0.030305483100246017,-0.028680112212538522,0.0,1.068498876425933,1.0501109435066829
2020-09-17,-0.014191871742342523,-0.014191871742342523,-0.01682910225849943,0.0,1.0533348774148592,1.0324385190556395
2020-09-18,-0.02387080660529783,-0.02387080660529783,-0.01882879820046468,0.0,1.028190924265474,1.0129989425259542
2020-09-21,0.019705466604814276,0.019705466604814276,0.011146877724998339,0.0,1.0484519061869604,1.0242907178738436
2020-09-22,0.02742201949751018,0.02742201949751018,0.025538720914305424,0.0,1.0772025748006209,1.0504497926527372
2020-09-23,-0.04129563097214195,-0.04129563097214195,-0.03606872282019968,0.0,1.0327188147894133,1.0125614102450093
2020-09-24,0.011803076182859362,0.011803076182859362,0.010374563639659495,0.0,1.044908073635845,1.0230662930346595
2020-09-25,0.0350143111159924,0.0350143111159924,0.03032475903182008,0.0,1.0814948100137427,1.0540905318445128
2020-09-28,0.020630705391316617,0.020630705391316617,0.015407660154670655,0.0,1.103806810821374,1.0703316005314292
2020-09-29,-0.000708006742863458,-0.000708006742863458,0.0017731271194325604,0.0,1.103025308156494,1.072229434519117
2020-09-30,0.013114002419841361,0.013114002419841361,0.01148930050370467,0.0,1.1174903847168045,1.0845486007012244
2020-10-01,0.012568437166310027,0.012568437166310027,0.012749091219260045,0.0,1.1315354924010732,1.098375609743285
2020-10-02,-0.03424219983342972,-0.03424219983342972,-0.03187126911183591,0.0,1.0927892279516573,1.06336898509928
2020-10-05,0.03298576738773673,0.03298576738773673,0.02821058215251937,0.0,1.128835719228695,1.0933672432118644
2020-10-06,-0.017599875849560832,-0.017599875849560832,-0.018193185689812985,0.0,1.1089683507157204,1.073475409928952
2020-10-07,0.021469909303087675,0.021469909303087675,0.016176928723142803,0.0,1.1327778006255818,1.0908409451214192
2020-10-08,-0.003844563490381499,-0.003844563490381499,0.0020968691020895047,0.0,1.128422764450582,1.0931282957945383
2020-10-09,0.014008034570614093,0.014008034570614093,0.012871775775793237,0.0,1.1442297495452738,1.1071987981121805
2020-10-12,0.04824347194057117,0.04824347194057117,0.042443337216844235,0.0,1.199431365361028,1.1541920100665404
2020-10-13,-0.008253354041581264,-0.008253354041581264,-0.0034860691226162865,0.0,1.1895320336541262,1.150168416938677
2020-10-14,-0.011067635911046387,-0.011067635911046387,-0.011412676708328795,0.0,1.1763667262011157,1.1370419166360255
2020-10-15,-0.006765669233752842,-0.006765669233752842,-0.008833349728464168,0.0,1.1684078180340463,1.1269980277304563
2020-10-16,-0.015032334637836486,-0.015032334637836486,-0.009728597832380892,0.0,1.1508439207198942,1.1160339171607803
2020-10-19,-0.022757327739401458,-0.022757327739401458,-0.02211066091855385,0.0,1.1246537884391739,1.0913576696448328
2020-10-20,0.009064479103462196,0.009064479103462196,0.010597797598221215,0.0,1.1348481892031104,1.1029236573349952
2020-10-21,-0.00808799373881619,-0.00808799373881619,0.0031228149529791693,0.0,1.1256695441543287,1.1063678838241153
2020-10-22,-0.008124080765460302,-0.008124080765460302,-0.005541398215476501,0.0,1.1165245138624,1.1002370588070318
2020-10-23,0.00661307708773462,0.00661307708773462,0.010289432939293741,0.0,1.1239081765429175,1.1115578742409526
2020-10-26,-0.0107091528875581,-0.0107091528875581,-0.018304133463647232,0.0,1.1118720720487427,1.0912117705582782
2020-10-27,0.019212894538984077,0.019212894538984077,0.01898951103047919,0.0,1.1332343529098567,1.1119333485118834
2020-10-28,-0.04712179148415067,-0.04712179148415067,-0.04959806943854894,0.0,1.079834320029362,1.0567836010813527
2020-10-29,0.02791337279637547,0.02791337279637547,0.029021582357611653,0.0,1.1099761379626623,1.0874531333943087
2020-10-30,-0.049365694927574144,-0.049365694927574144,-0.04472641209623196,0.0,1.0551813945591104,1.0388152564147761
2020-11-02,-0.002509389777961224,-0.002509389777961224,-0.002701881691512753,0.0,1.052533533153709,1.036008500492605
2020-11-03,0.021616547214465594,0.021616547214465594,0.020569661406743878,0.0,1.0752856739679344,1.0573188445622463
2020-11-04,0.054524499639832996,0.054524499639832996,0.05905099825156657,0.0,1.1339150873109167,1.11975457780384
2020-11-05,0.02898329350656644,0.02898329350656644,0.028755087043649707,0.0,1.166779681097973,1.1519532181561147
2020-11-06,0.00801805519813059,0.00801805519813059,0.005268512670337566,0.0,1.1761349849850737,1.1580222982816064
2020-11-09,-0.04484712270010234,-0.04484712270010234,-0.042638918217204336,0.0,1.1233887150015651,1.108645480211478
2020-11-10,-0.03357981757632648,-0.03357981757632648,-0.032445413717080096,0.0,1.0856655268845088,1.0726750189404457
2020-11-11,0.03827528179428522,0.03827528179428522,0.03164246770394752,0.0,1.1272196808603545,1.1066171035841001
2020-11-12,-0.0026986337467323667,-0.0026986337467323667,-0.0033444349201683377,0.0,1.124177727789604,1.102916094699618
2020-11-13,-0.001831527469143575,-0.001831527469143575,0.000702970207700826,0.0,1.122118765400958,1.1036914118557855
2020-11-16,0.008617689164240881,0.008617689164240881,0.007709392527081027,0.0,1.1317888361265451,1.11220020217855
2020-11-17,-0.004325477642761625,-0.004325477642761625,-0.008102756586345627,0.0,1.1268933088195525,1.1031883146650128
2020-11-18,-0.006846039972629225,-0.006846039972629225,-0.008619379124937931,0.0,1.1191785521824855,1.0936795163347137
2020-11-19,0.0032490282233808747,0.0032490282233808747,0.0038203104188245796,0.0,1.122814794885529,1.0978577115858223
2020-11-20,-0.014279213710871486,-0.014279213710871486,-0.013442210264794863,0.0,1.1067818824716302,1.0831000773858592
2020-11-23,-0.008691931263376675,-0.008691931263376675,-0.006413838219010204,0.0,1.0971618104256362,1.076153248714509
2020-11-24,0.0013575703169185216,0.0013575703169185216,0.009916800792302505,0.0,1.0986512847323266,1.0868252461039998
2020-11-25,0.016778427982858075,0.016778427982858075,0.009238938789998707,0.0,1.1170849261914824,1.0968663580281799
2020-11-27,0.0033509276228154876,0.0033509276228154876,0.004822747614250611,0.0,1.120828196927688,1.102156267639512
2020-11-30,0.0077106421654727555,0.0077106421654727555,0.00341603095388332,0.0,1.1294705020831695,1.105921267565785
2020-12-01,0.015465299006188166,0.015465299006188166,0.017772834894183465,0.0,1.1469381011165551,1.1255766236601978
2020-12-02,0.0031107671803370556,0.0031107671803370556,0.002209652006972318,0.0,1.1505059585193866,1.1280637563056697
2020-12-03,-0.005684536425984987,-0.005684536425984987,-0.008535644881350835,0.0,1.1439658654898703,1.1184350046783218
2020-12-04,-0.0003595881540820285,-0.0003595881540820285,-0.0012052867637525333,0.0,1.143554508915966,1.1170869697710655
2020-12-07,0.0047996955970952175,0.0047996955970952175,0.007184292683337201,0.0,1.1490432224574483,1.1251124495146432
2020-12-08,-0.002556858979225086,-0.002556858979225086,-0.002189871490276607,0.0,1.1461052809765901,1.1226485978380958
2020-12-09,-0.02510383251765776,-0.02510383251765776,-0.02305482194216657,0.0,1.1173336459553507,1.0967661343113155
2020-12-10,0.004774982981836651,0.004774982981836651,0.0013522198394058105,0.0,1.122668895099821,1.0982492032373197
2020-12-11,0.00041323517570449964,0.00041323517570449964,1.8758271079333255e-05,0.0,1.1231328213779455,1.0982698044935866
2020-12-14,0.010190819118939154,0.010190819118939154,0.007621006928047347,0.0,1.1345784648071517,1.1066397262824974
2020-12-15,0.01885352459715728,0.01885352459715728,0.012665552693497562,0.0,1.1559692678007982,1.120655930048446
2020-12-16,0.004860569363126918,0.004860569363126918,0.006763985961982355,0.0,1.161587936608587,1.128236031027506
2020-12-17,0.004305005471955596,0.004305005471955596,0.0021568698388818586,0.0,1.1665885790318447,1.1306694892939688
2020-12-18,-0.01056035565057208,-0.01056035565057208,-0.005867969922019434,0.0,1.154268988739373,1.1240347547390468
2020-12-21,0.006116640891254742,0.006116640891254742,0.004860534604552713,0.0,1.1613292376354034,1.129498164561176
2020-12-22,0.008173449557443441,0.008173449557443441,0.0024146154616471183,0.0,1.1708213035788007,1.1322254682932273
2020-12-23,-0.011287374780930113,-0.011287374780930113,-0.009018537409516858,0.0,1.1576058047238096,1.1220144505514171
2020-12-24,0.0008570734182101747,0.0008570734182101747,0.0017440382334255045,0.0,1.158597957887804,1.1239712866516347
2020-12-28,0.021207397701313746,0.021207397701313746,0.021277802404671586,0.0,1.1831688055566605,1.1478869255975326
2020-12-29,0.000540478207440076,0.000540478207440076,-0.0010331145312956203,0.0,1.1838082825117868,1.1467010269344136
2020-12-30,-0.0012545769139584713,-0.0012545769139584713,-0.006045215112568836,0.0,1.1823231039699946,1.1397689725567914
2020-12-31,-0.0078023472426426155,-0.008469013909309282,-0.0032824798974228075,0.6666666666666666,1.172309993157175,1.1360277038166675
2021-01-04,-0.011895816999806724,-0.011895816999806724,-0.015404757174415917,0.0,1.1583644080115325,1.1185274728959624
2021-01-05,0.014040695406946968,0.014040695406946968,0.011027246074993835,0.0,1.174628649834671,1.1308617505812273
2021-01-06,-0.04029444683927326,-0.04029444683927326,-0.03525747442457927,0.0,1.1272976381480204,1.0909904213323747
2021-01-07,0.037525165056472964,0.037525165056472964,0.030815101921354504,0.0,1.169599668087297,1.1246094023609532
2021-01-08,-0.00025415310982601635,-0.00025415310982601635,0.0022640055946356874,0.0,1.1693024106944012,1.1271555243396782
2021-01-11,-0.012461278755781773,-0.012461278755781773,-0.012576560605813247,0.0,1.1547314074049306,1.112979784575643
2021-01-12,-0.011274079860707682,-0.011274079860707682,-0.00857448691663032,0.0,1.14171287330018,1.1034365539743252
2021-01-13,0.007300833023366074,0.007300833023366074,0.008607203375792016,0.0,1.1500483283487721,1.1129340568066652
2021-01-14,-0.021156212827998806,-0.021156212827998806,-0.018332958031878732,0.0,1.1257176611517412,1.09253068345098
2021-01-15,-0.005419427078902491,-0.005419427078902491,-0.00648747341160949,0.0,1.1196169163756966,1.0854429196907243
2021-01-19,0.019021838346843456,0.019021838346843456,0.015539067477364776,0.0,1.1409140883693865,1.1023096904626262
2021-01-20,0.027811011179494916,0.027811011179494916,0.032787329203471494,0.0,1.1726440628358707,1.138451481168001
2021-01-21,0.031449639304300815,0.031449639304300815,0.023035306408791145,0.0,1.2095232956443889,1.1646760598682482
2021-01-22,0.0036233849472157758,0.0036233849472157758,0.0021864135507152493,0.0,1.2139058641471336,1.1672225233877378
2021-01-25,0.012049919613945043,0.012049919613945043,0.010747100342974436,0.0,1.228533332229003,1.1797667809691657
2021-01-26,8.147236360367491e-05,8.147236360367491e-05,0.0036486251829690453,0.0,1.2286334237433458,1.1840713077562401
2021-01-27,-0.027112419237133478,-0.027112419237133478,-0.021114114317336785,0.0,1.1953221992700616,1.1590706908043964
2021-01-28,-0.016968886197691286,-0.016968886197691286,-0.005412843881067109,0.0,1.1750389129010739,1.1527968221079516
2021-01-29,-0.022427877074433684,-0.02309454374110035,-0.021619434828314743,0.6666666666666666,1.147901925329585,1.1278740063421004
2021-02-01,0.02290211103318921,0.02290211103318921,0.024699721148932152,0.0,1.174191302678695,1.1557321797898792
2021-02-02,0.009969495350263036,0.009969495350263036,0.011974774369714059,0.0,1.1858973974110694,1.1695718118746807
2021-02-03,0.0016188776610256415,0.0016188776610256415,-0.003128693940780858,0.0,1.1878172202160064,1.1659125796335603
2021-02-04,0.010522979801068678,0.010522979801068678,0.007812334033172164,0.0,1.2003165968317009,1.175021078159135
2021-02-05,-0.002557952291538175,-0.002557952291538175,0.0005168333706579986,0.0,1.1972462442422638,1.1756283682635542
2021-02-08,0.021529254617803417,0.021529254617803417,0.011471925961418439,0.0,1.2230220634747644,1.189115089862417
2021-02-09,-0.004455775244582701,-0.004455775244582701,-0.002192915467491341,0.0,1.217572552040755,1.1865074609892303
2021-02-10,0.00888988996249344,0.00888988996249344,0.0068140542296202256,0.0,1.2283966380497495,1.19459238717226
2021-02-11,0.012636191824046848,0.012636191824046848,0.006366627655573165,0.0,1.2439188936041603,1.202197912101568
2021-02-12,-0.005053922677712134,-0.005053922677712134,-0.002863433570048146,0.0,1.2376322236985398,1.1987554982422146
2021-02-16,0.0010980637975203846,0.0010980637975203846,0.003128568876731741,0.0,1.2389912228380278,1.2025058873848262
2021-02-17,-0.013652782278523734,-0.013652782278523734,-0.007658223449802826,0.0,1.2220755454276182,1.1932968285995298
2021-02-18,-0.0051602879752823405,-0.0051602879752823405,-0.005069674876207464,0.0,1.2157692836856615,1.1872472016477207
2021-02-19,-0.0012530215065943429,-0.0012530215065943429,-0.009900431750661687,0.0,1.2142458986261466,1.1754929417566433
2021-02-22,-0.03161492558873176,-0.03161492558873176,-0.025325496484345233,0.0,1.1758576048946583,1.1457229993928129
2021-02-23,-0.007096132511993628,-0.007096132511993628,-0.0002476179307451254,0.0,1.1675135635150904,1.145439297834496
2021-02-24,0.008893124352843543,0.008893124352843543,0.0031356480207320736,0.0,1.1778964068190616,1.1490309923016195
2021-02-25,-0.04688855064553802,-0.04688855064553802,-0.043714287274384644,0.0,1.1226665514927288,1.0988019214169753
2021-02-26,0.01587330407459116,0.01587330407459116,0.014639580852520595,0.0,1.1404869790389454,1.1148879209864642
2021-03-01,0.027584370932676405,0.027584370932676405,0.025422521594969716,0.0,1.171946594912643,1.1432311832337134
2021-03-02,-0.02177126676763208,-0.02177126676763208,-0.0211676229162705,0.0,1.146431832957382,1.1190316966409004
2021-03-03,-0.0321014555000099,-0.0321014555000099,-0.028433604745644492,0.0,1.1096297024879058,1.087213591680765
2021-03-04,-0.017797395650056926,-0.017797395650056926,-0.011620054100016097,0.0,1.0898811836476736,1.0745801109271618
2021-03-05,0.013198129980874624,0.013198129980874624,0.01454359244547243,0.0,1.104265577173165,1.0902083661104969
2021-03-08,-0.043175183739089684,-0.043175183739089684,-0.0368882562119377,0.0,1.0565887079819618,1.0499924805770149
2021-03-09,0.049694657652903075,0.049694657652903075,0.045730931616440706,0.0,1.1090955221050487,1.0980096149040592
2021-03-10,-0.00637907635156291,-0.00637907635156291,-0.004925642226851101,0.0,1.1020205170883641,1.0926012123793993
2021-03-11,0.026298232580888627,0.026298232580888627,0.026446994239929023,0.0,1.1310017089556652,1.1214972303497368
2021-03-12,-0.008009132050242673,-0.008009132050242673,-0.010300739673837267,0.0,1.121943366919589,1.1099449793349747
2021-03-15,0.015515493084748793,0.015515493084748793,0.01326422043564035,0.0,1.1393508714705096,1.124667534212306
2021-03-16,0.010891475043300826,0.010891475043300826,0.011317165693054854,0.0,1.1517600830526937,1.137395583046586
2021-03-17,-0.0018357769935287334,-0.0018357769935287334,0.0046193794247877396,0.0,1.1496457083901608,1.142649644800756
2021-03-18,-0.03564864718079486,-0.03564864718079486,-0.0323287121674628,0.0,1.108662394148845,1.1057092533257387
2021-03-19,0.0012012713730601052,0.0012012713730601052,0.011727099564154297,0.0,1.109994198545324,1.1186760158284963
2021-03-22,0.026442335547122605,0.026442335547122605,0.02089050253176561,0.0,1.139345037598619,1.142045719969387
2021-03-23,-0.0029701914459383896,-0.0029701914459383896,-0.002482488776540559,0.0,1.1359609647139712,1.1392106042872667
2021-03-24,-0.02054740527048419,-0.02054740527048419,-0.021651631955908246,0.0,1.112619914400543,1.114544835562971
2021-03-25,-0.005869958563646137,-0.005869958563646137,-0.008444941168485598,0.0,1.1060888816059244,1.1051325699970023
2021-03-26,0.01573729173401365,0.01573729173401365,0.01331402145872529,0.0,1.123495725019506,1.1198463287486786
2021-03-29,0.0015769829214643536,0.0015769829214643536,0.007880580852443142,0.0,1.1252674585901998,1.1286713682846943
2021-03-30,-0.010864397330302866,-0.010864397330302866,-0.009841437939849595,0.0,1.1130421058172157,1.1175636190592353
2021-03-31,0.024230703822066452,0.023564037155399786,0.02209705718488153,0.6666666666666666,1.139269871354217,1.1422584862573304
2021-04-01,0.016296496464967964,0.016296496464967964,0.021274544227971592,0.0,1.1578359787853856,1.166559514942988
2021-04-05,0.02854182421670829,0.02854182421670829,0.023693257540750245,0.0,1.1908827297636586,1.1941991099671447
2021-04-06,-0.0036581307788493183,-0.0036581307788493183,-0.004398149285420927,0.0,1.18652632499591,1.1889468440049924
2021-04-07,0.01464076040238423,0.01464076040238423,0.01633121413031602,0.0,1.2038979726312964,1.2083637895040014
2021-04-08,0.010805106793169742,0.010805106793169742,0.010278981905481377,0.0,1.2169062187936581,1.220784539031552
2021-04-09,0.009576495787480505,0.009576495787480505,0.010878281080775487,0.0,1.2285599160716942,1.2340645763862022
2021-04-12,-0.005314203750421612,-0.005314203750421612,0.00949387261154766,0.0,1.2220310983580884,1.2457806282688362
2021-04-13,0.009558060833294172,0.009558060833294172,0.013920743041432315,0.0,1.2337113459363722,1.2631228202809608
2021-04-14,-0.01715884440264644,-0.01715884440264644,-0.01954424973349589,0.0,1.2125422849136704,1.238436032437312
2021-04-15,0.016839091808534525,0.016839091808534525,0.02551090843737125,0.0,1.232960395771062,1.2700296606663617
2021-04-16,-0.0010257345126505704,-0.0010257345126505704,-0.00288977661545331,0.0,1.2316957057403883,1.266359558652036
2021-04-19,-0.005156689354575991,-0.005156689354575991,-0.012560353303684657,0.0,1.22534423360652,1.2504536351858682
2021-04-20,-0.004442985158231198,-0.004442985158231198,-0.0074951333560031586,0.0,1.219900047362882,1.2410813184346512
2021-04-21,0.002671343069131378,0.002671343069131378,0.005949339391289055,0.0,1.223158818899438,1.2484649324102075
2021-04-22,-0.013730234844416673,-0.013730234844416673,-0.018563537306277467,0.0,1.2063645610639293,1.2252890070618314
2021-04-23,0.016353769422481346,0.016353769422481346,0.01786260500904735,0.0,1.2260931689350216,1.2471758606169048
2021-04-26,0.003617749221013433,0.003617749221013433,0.00879844919927697,0.0,1.2305288665418261,1.2581490740691073
2021-04-27,0.0003015230467529051,0.0003015230467529051,-0.0008554310205518556,0.0,1.2308998993547833,1.25707281432267
2021-04-28,-0.007561602861595424,-0.007561602861595424,-0.004308378852448946,0.0,1.2215923231534846,1.2516568683934537
2021-04-29,0.02139055676735968,0.02139055676735968,0.013725629234687009,0.0,1.24772286308847,1.2688366464980716
2021-04-30,-0.00996154492841957,-0.010628211595086236,-0.010899318319686935,0.6666666666666666,1.234461800487539,1.255007191992205
2021-05-03,-0.006822930705586224,-0.006822930705586224,-0.006864635997770208,0.0,1.2260391531641193,1.2463920244445947
2021-05-04,-0.020654895237352828,-0.020654895237352828,-0.02412621781955171,0.0,1.2007154428986215,1.2163212989742924
2021-05-05,-0.0027817000255788704,-0.0027817000255788704,-0.003327189067489078,0.0,1.1973754127203975,1.212274368045791
2021-05-06,0.011186719807032564,0.011186719807032564,0.011325028737446008,0.0,1.2107701159663307,1.2260034101015789
2021-05-07,0.009303570451905515,0.009303570451905515,0.006338836369702339,0.0,1.2220346010412853,1.23377484510691
2021-05-10,-0.032965324498565554,-0.032965324498565554,-0.03127720611754081,0.0,1.181749833869484,1.1951858149738641
2021-05-11,0.0002751966468662974,0.0002751966468662974,0.0005041418812559151,0.0,1.1820750474611998,1.1957883581990754
2021-05-12,-0.026878002341580665,-0.026878002341580665,-0.02598414796858417,0.0,1.1503032315676136,1.1647168165605202
2021-05-13,0.006347202555309442,0.006347202555309442,0.007821187073638658,0.0,1.1576044391784004,1.1738262846706529
2021-05-14,0.032777428840692714,0.032777428840692714,0.028053045708576585,0.0,1.1955477363092406,1.2067556870884473
2021-05-17,-0.006309763535047197,-0.006309763535047197,-0.0033093222748861173,0.0,1.1880041127982683,1.20276214361282
2021-05-18,-0.012190329736803488,-0.012190329736803488,-0.011908694793731911,0.0,1.173521950934579,1.18843881633508
2021-05-19,0.005917503675333687,0.005917503675333687,0.0034183253003194913,0.0,1.1804662713923189,1.19250128680884
2021-05-20,0.022899877347980414,0.022899877347980414,0.019745928074412333,0.0,1.2074988042206307,1.2160483314468116
2021-05-21,0.004389624772902796,0.004389624772902796,-0.0019698127844082203,0.0,1.212799270884888,1.2136529438970693
2021-05-24,0.030272664703114106,0.030272664703114106,0.02443804908507885,0.0,1.2495139365645676,1.2433122541122763
2021-05-25,0.00525742714756805,0.00525742714756805,0.0037007098801604688,0.0,1.2560831650559268,1.2479133920551941
2021-05-26,0.0006762147023731124,0.0006762147023731124,0.0007594317292749508,0.0,1.256932546959541,1.248861097080508
2021-05-27,-0.00221236200129582,-0.00221236200129582,-0.0058632979969792665,0.0,1.2541517571544556,1.2415386523114906
2021-05-28,0.012749120209233723,0.012749120209233723,0.007851348507154299,0.0,1.2701410886670395,1.2512864049558907
2021-06-01,-0.0022278990985968488,-0.0022278990985968488,-0.0019643210121048638,0.0,1.2673113424805074,1.2488284767784747
2021-06-02,0.010414572930968036,0.010414572930968036,0.009652024749878585,0.0,1.2805098488830136,1.2608822001446938
2021-06-03,-0.001488207370184698,-0.001488207370184698,-0.0049614698590531026,0.0,1.2786041846883116,1.2546263711128594
2021-06-04,0.0232507107724443,0.0232507107724443,0.020360539404005396,0.0,1.3083326407789364,1.280171240779207
2021-06-07,0.01107302146232573,0.01107302146232573,0.006370453045017488,0.0,1.3228198361901429,1.2883265115581726
2021-06-08,-0.007565513203013869,-0.007565513203013869,-0.0006163934969678486,0.0,1.3128120252542377,1.2875323954744768
2021-06-09,-0.003889829817680453,-0.003889829817680453,-0.0012977977416167574,0.0,1.3077054098933942,1.2858614388393717
2021-06-10,0.008310153077145738,0.008310153077145738,0.006993808776696753,0.0,1.31857264202942,1.2948545078559424
2021-06-11,0.00729575258248331,0.00729575258248331,0.007271676031353369,0.0,1.3281926217876978,1.3042702703448084
2021-06-14,0.01174800852295695,0.01174800852295695,0.013981812045988251,0.0,1.343796240028588,1.3225063321219397
2021-06-15,-0.006241568779246161,-0.006241568779246161,-0.005674501049915959,0.0,1.3354088433711573,1.3150017685517932
2021-06-16,-0.0064692555218578045,-0.0064692555218578045,-0.0015430292562677028,0.0,1.3267697423372407,1.312972682350874
2021-06-17,0.025878045208348684,0.025878045208348684,0.023998572052325917,0.0,1.3611039497105129,1.344482151871007
2021-06-18,-0.008993993349271312,-0.008993993349271312,-0.007337887977805213,0.0,1.3488621898391495,1.334616492452419
2021-06-21,0.0029884419049520288,0.0029884419049520288,0.001978633996679635,0.0,1.35289318613127,1.3372572100169147
2021-06-22,0.018728460955932016,0.018728460955932016,0.017390448914556655,0.0,1.378230793345276,1.3605127132133363
2021-06-23,0.004241463572459359,0.004241463572459359,0.0026289738090616854,0.0,1.3840765090496918,1.3640894655032696
2021-06-24,0.006912348778056686,0.006912348778056686,0.0016335929863882104,0.0,1.3936437286157584,1.3663178324869218
2021-06-25,-0.006873916761391411,-0.006873916761391411,-0.0072760982972998045,0.0,1.3840639376302186,1.3563763696323934
2021-06-28,0.035297206041786724,0.035297206041786724,0.0285592328161961,0.0,1.432917527611759,1.3951134381591117
2021-06-29,0.0005059806301660843,0.0005059806301660843,0.0026352152575319643,0.0,1.433642556125356,1.3987898623773365
2021-06-30,-0.00497722089592049,-0.00497722089592049,-0.002542278799563702,0.0,1.426507000437728,1.39523374856517
2021-07-01,0.010756463145469148,0.010756463145469148,0.007196850925997644,0.0,1.4418511704146901,1.4052750378605143
2021-07-02,0.012251914714784151,0.012251914714784151,0.015241420558788521,0.0,1.4595166079860227,1.426693425713314
2021-07-06,0.0016488016304007092,0.0016488016304007092,0.011776557264361331,0.0,1.4619230613488667,1.4434949625399145
2021-07-07,-0.004700698006568841,-0.004700698006568841,0.00028792244855746496,0.0,1.4550510025286272,1.4439105771440093
2021-07-08,-0.015265908061944167,-0.015265908061944167,-0.010703100018374156,0.0,1.4328383276985854,1.4284562578192486
2021-07-09,0.007695210161661043,0.007695210161661043,0.0068856728048285465,0.0,1.4438643197579089,1.4382921402266018
2021-07-12,0.00954766854654306,0.00954766854654306,0.006301673436090782,0.0,1.457649857709137,1.4473557876000058
2021-07-13,-0.0008763175168667499,-0.0008763175168667499,-0.0018193132966660697,0.0,1.4563724936053681,1.4447225939706185
2021-07-14,-0.009131685713276012,-0.009131685713276012,-0.0019320611923486775,0.0,1.4430733577123038,1.4419313015130986
2021-07-15,-0.019490021224878345,-0.019490021224878345,-0.017287535941302834,0.0,1.4149478273414346,1.4170038623133012
2021-07-16,-0.017677702493634612,-0.017677702493634612,-0.018112903728857987,0.0,1.389934800605678,1.3913378077718004
2021-07-19,0.002802916251495498,0.002802916251495498,-0.0031022034435290724,0.0,1.393830671446815,1.3870215948334186
2021-07-20,0.004461708115577667,0.004461708115577667,0.008166431797152596,0.0,1.4000495370653505,1.3983486120888036
2021-07-21,0.021232504528845432,0.021232504528845432,0.014333224070774087,0.0,1.4297760952016987,1.4183914560749284
2021-07-22,0.013549955659091227,0.013549955659091227,0.012720113917478404,0.0,1.4491494978941104,1.4364335569757796
2021-07-23,0.021154064820820124,0.021154064820820124,0.015297418333644286,0.0,1.4798049003076215,1.4584072820053227
2021-07-26,-0.002806228179796736,-0.002806228179796736,3.9740440832547463e-05,0.0,1.475652230095777,1.4584652397536229
2021-07-27,-0.00854178951741687,-0.00854178951741687,-0.01138727300745268,0.0,1.463047519345392,1.4418572978966684
2021-07-28,0.009704339755051953,0.009704339755051953,0.004451742752734633,0.0,1.4772454295509057,1.4482760756730575
2021-07-29,-0.010315244271328534,-0.010315244271328534,-0.0063456152283238865,0.0,1.4620072820963843,1.4390858729524494
2021-07-30,-0.006492459912936602,-0.006492459912936602,-0.016001305053491288,0.0,1.452515258424952,1.4160586209011674
2021-08-02,0.00011600169750325493,0.00011600169750325493,0.0005777496393810644,0.0,1.4526837526605787,1.4168767482587354
2021-08-03,0.003116141210804983,0.003116141210804983,0.006080273542152126,0.0,1.457210520368511,1.4254917464636636
2021-08-04,0.014301810644348323,0.014301810644348323,0.008844566277432131,0.0,1.4780512692997736,1.438099602693194
2021-08-05,0.013231313702222042,0.013231313702222042,0.010123105568056623,0.0,1.4976078293118462,1.4526576367886375
2021-08-06,-0.00395050278833194,-0.00395050278833194,-0.005532048117452337,0.0,1.4916915254063219,1.444621464843738
2021-08-09,-0.004205482248447486,-0.004205482248447486,-0.0029344568011057115,0.0,1.485418243176066,1.440382285561204
2021-08-10,-0.00852375288559241,-0.00852375288559241,-0.007832005908314121,0.0,1.4727569051394824,1.4291012029904577
2021-08-11,-0.00444917413108133,-0.00444917413108133,-0.0043405124849962284,0.0,1.4662043532157645,1.4228981713765545
2021-08-12,0.009299009227801061,0.009299009227801061,0.010748233873711488,0.0,1.4798386010261602,1.4381918137009861
2021-08-13,0.008722994020696317,0.008722994020696317,0.005942971586766488,0.0,1.492747224294507,1.4467389467861314
2021-08-16,0.0011645420821774595,0.0011645420821774595,0.0027992564964889333,0.0,1.4944855912552517,1.450788740181646
2021-08-17,-0.017315432942866783,-0.017315432942866783,-0.015537392871633249,0.0,1.4686079262157907,1.4282472655517018
2021-08-18,-0.011990137771622758,-0.011990137771622758,-0.0153052237107838,0.0,1.4509991148479662,1.4063876216381177
2021-08-19,0.01988597117745764,0.01988597117745764,0.014073896635927063,0.0,1.4798536414243495,1.4261809756550998
2021-08-20,0.029654009163675735,0.029654009163675735,0.02358959400787941,0.0,1.523737234868046,1.4598240058525649
2021-08-23,0.022296546319696537,0.022296546319696537,0.02193216471039472,0.0,1.5577113127043276,1.4918411063971115
2021-08-24,-0.0027443110496338328,-0.0027443110496338328,-0.0007114305317109659,0.0,1.5534364683367337,1.4907797650855592
2021-08-25,0.008378620718049696,0.008378620718049696,0.004550108142924003,0.0,1.5664521233145137,1.4975629742339813
2021-08-26,-0.009027259830068652,-0.009027259830068652,-0.0061912930544540945,0.0,1.5523113529859907,1.488291122992999
2021-08-27,0.01682883684283435,0.01682883684283435,0.014767149598360119,0.0,1.5784349474746715,1.510268940652148
2021-08-30,0.012252895552263832,0.012252895552263832,0.016060261945015863,0.0,1.5977753460221218,1.534524255446443
2021-08-31,-0.007392170574735735,-0.007392170574735735,-0.005001942662336223,0.0,1.585964318124219,1.5268486531067358
2021-09-01,0.0031246610916636124,0.0031246610916636124,0.003223381568491668,0.0,1.5909199191218284,1.5317702689130364
2021-09-02,-0.007326179445234985,-0.007326179445234985,-0.003719869361584194,0.0,1.5792645543113433,1.5260722836207212
2021-09-03,0.007512447415032689,0.007512447415032689,0.007452756952219808,0.0,1.5911286962300324,1.5374457294420656
2021-09-07,0.0015408172596594514,0.0015408172596594514,0.004432697956940679,0.0,1.593580334787523,1.5442607619858706
2021-09-08,-0.00873862740328631,-0.00873862740328631,-0.007559113391311656,0.0,1.5796546300046106,1.532587519780266
2021-09-09,-0.005324242042916149,-0.005324242042916149,-0.0066715562205842405,0.0,1.571244166410253,1.5223627759790863
2021-09-10,0.003405885143490087,0.003405885143490087,-0.003890986729312651,0.0,1.5765956435734252,1.5164392826205522
2021-09-13,-0.005310506239377899,-0.005310506239377899,-0.004129878547450172,0.0,1.5682231225712524,1.5101765725587468
2021-09-14,0.0045146829280682255,0.0045146829280682255,0.0008675264957929141,0.0,1.5753031527301267,1.5114866907487672
2021-09-15,0.0047658376254994615,0.0047658376254994615,0.005379436505288604,0.0,1.582810791766976,1.519617637430239
2021-09-16,-0.0018062188907182288,-0.0018062188907182288,-0.0011974738268135665,0.0,1.579951889014454,1.517797935082652
2021-09-17,-0.018420191235580953,-0.018420191235580953,-0.016546421807229872,0.0,1.5508488730757903,1.492683810230632
2021-09-20,-0.026414038082070247,-0.026414038082070247,-0.026882223532828653,0.0,1.5098846918828308,1.4525571503801777
2021-09-21,0.004334091653710311,0.004334091653710311,0.0031470372477702124,0.0,1.5164286705239851,1.457128401836939
2021-09-22,0.0018720698414832863,0.0018720698414832863,0.008569237320793288,0.0,1.5192675309048338,1.469614880919148
2021-09-23,0.011984020256192496,0.011984020256192496,0.011890267379895292,0.0,1.5374744637697728,1.4870889947987498
2021-09-24,0.0005652105337415518,0.0005652105337415518,-0.0009963607525025342,0.0,1.538343460532054,1.4856073176888538
2021-09-27,-0.011537756736942942,-0.011537756736942942,-0.011277388285372392,0.0,1.5205944279065684,1.468853547127686
2021-09-28,-0.03904668783196215,-0.03904668783196215,-0.03477531970072811,0.0,1.4612202519610795,1.4177736954327722
2021-09-29,-0.003384207685602547,-0.003384207685602547,-0.0020962619733092547,0.0,1.4562751791540347,1.4148016703482784
2021-09-30,0.0005758242196693962,-9.084244699727041e-05,-0.0014219735975469217,0.6666666666666666,1.456142887553259,1.4127898597272779
2021-10-01,0.01161681559678048,0.01161681559678048,0.008848018470930308,0.0,1.4730586309605285,1.4252902505016878
2021-10-04,-0.0313396344700787,-0.0313396344700787,-0.03561782657095669,0.0,1.4268935119132309,1.3745245095460432
2021-10-05,0.023518028181678474,0.023518028181678474,0.021941492524732764,0.0,1.4604512337386604,1.4046836287973097
2021-10-06,0.01118226253694458,0.01118226253694458,0.009829721385407941,0.0,1.4767823828567308,1.418491277503031
2021-10-07,0.011045684667232509,0.011045684667232509,0.00726834253690134,0.0,1.4930944553798904,1.4288013579935297
2021-10-08,-0.004766557870202193,-0.004766557870202193,-0.0038928569212768327,0.0,1.485977534252644,1.423239238737935
2021-10-11,-0.0030871190905268353,-0.0030871190905268353,-0.0067802140957793355,0.0,1.4813901446385587,1.4135893719897776
2021-10-12,-0.004950462617353471,-0.004950462617353471,-0.0038991130496865978,0.0,1.4740565781058097,1.408077627222554
2021-10-13,0.006812212144389947,0.006812212144389947,0.00727599550896163,0.0,1.4840981642287,1.4183227937144947
2021-10-14,0.026833413583762306,0.026833413583762306,0.02194152181960196,0.0,1.5239215840683509,1.44944295424002
2021-10-15,0.005889722287166258,0.005889722287166258,0.006626829074033669,0.0,1.532897058985932,1.459048164950331
2021-10-18,0.012799350557724333,0.012799350557724333,0.016313593052640796,0.0,1.5525171458127978,1.482850482957533
2021-10-19,0.007066285636758707,0.007066285636758707,0.006681029547840556,0.0,1.5634876754210763,1.492757450849202
2021-10-20,-0.002562727055833084,-0.002562727055833084,-0.003084232948280863,0.0,1.5594808832538132,1.4881534391355011
2021-10-21,0.01300642723674324,0.01300642723674324,0.011399620563773194,0.0,1.5797641578889459,1.50511782368232
2021-10-22,-0.002978520250248103,-0.002978520250248103,-0.01484173758649665,0.0,1.5750587983540574,1.482779259906468
2021-10-25,0.005231102913923406,0.005231102913923406,0.0063715322218358406,0.0,1.583298093023728,1.492226835738832
2021-10-26,0.025984105523198037,0.025984105523198037,0.017338204414010683,0.0,1.6244386777475346,1.5180993696489442
2021-10-27,0.009401519615242198,0.009401519615242198,0.003415783364413949,0.0,1.6397108698401361,1.5232848682213185
2021-10-28,0.01622777040448294,0.01622777040448294,0.016144234305850658,0.0,1.6663197213656367,1.5478771360484402
2021-10-29,0.009785839215893044,0.009785839215893044,0.009229655956871197,0.0,1.6826260582411927,1.5621635094776745
2021-11-01,-0.000740996542700175,-0.000740996542700175,0.0017359262848348767,0.0,1.6813792381493786,1.5648753101749866
2021-11-02,0.013585392350953832,0.013585392350953832,0.009403355515384737,0.0,1.704221434790386,1.5795903890538099
2021-11-03,0.006624150742327176,0.006624150742327176,0.00928024012171047,0.0,1.7155104544727426,1.5942493671581752
2021-11-04,0.04140985349086408,0.04140985349086408,0.04456393349392784,0.0,1.7865494910545046,1.6652953899289487
2021-11-05,0.00026939995676848283,0.00026939995676848283,0.003929082602467604,0.0,1.7870307874101594,1.671838473073488
2021-11-08,0.01085787878621917,0.01085787878621917,0.009148094401262963,0.0,1.806434151087101,1.6871326092488277
2021-11-09,-0.001799590880677012,-0.001799590880677012,-8.604865660366556e-05,0.0,1.803183308662261,1.6869874337542896
2021-11-10,-0.024523503940593216,-0.024523503940593216,-0.02680760217568734,0.0,1.7589629356866703,1.6417633457548209
2021-11-11,0.012064388013746688,0.012064388013746688,0.011301462525311168,0.0,1.7801837470445934,1.6603176726822984
2021-11-12,0.009080639778015579,0.009080639778015579,0.013225180449868423,0.0,1.7963489543901834,1.6822756735076274
2021-11-15,-0.004624755701630938,-0.004624755701630938,-0.0005663393683897899,0.0,1.7880412793212486,1.6813229345652356
2021-11-16,0.007610241812473717,0.007610241812473717,0.0028026004310466313,0.0,1.801648705827568,1.6860350109463766
2021-11-17,-0.004673355844611111,-0.004673355844611111,-0.008312565808157313,0.0,1.7932289603182527,1.6720197339630276
2021-11-18,0.039124880457255776,0.039124880457255776,0.038066964239122925,0.0,1.8633888290231932,1.735668449382906
2021-11-19,0.02124181017477622,0.02124181017477622,0.020515510297307804,0.0,1.9029705808111024,1.7712765733289333
2021-11-22,-0.012609358689649556,-0.012609358689649556,-0.01790727157762506,0.0,1.8789753421818045,1.739557842691247
2021-11-23,-0.003492054888310836,-0.003492054888310836,-0.00450634962281693,0.0,1.872413857153123,1.731718786862967
2021-11-24,0.011065493673233876,0.011065493673233876,0.012571611635096458,0.0,1.8931330408431264,1.7534892829126087
2021-11-26,-0.030624234841509668,-0.030624234841509668,-0.029103837777969876,0.0,1.835157290014125,1.7024560152773114
2021-11-29,0.03413644526213673,0.03413644526213673,0.03301240304326902,0.0,1.8978030363921032,1.7586581794170837
2021-11-30,-0.0024462340992729157,-0.0024462340992729157,-0.013479478299107561,0.0,1.8931605658907773,1.7349523846520831
2021-12-01,-0.014203266410079516,-0.014203266410079516,-0.0229308560599929,0.0,1.8662715020163736,1.6951684412486847
2021-12-02,0.00468827822192656,0.00468827822192656,0.005880610165324152,0.0,1.8750211020554792,1.7051370660162284
2021-12-03,-0.02533235093297226,-0.02533235093297226,-0.025159773200898128,0.0,1.8275224094914815,1.6622362041588152
2021-12-06,0.003324859018194978,0.003324859018194978,0.005083906418260398,0.0,1.8335986638556325,1.6706868574658031
2021-12-07,0.04725966360779821,0.04725966360779821,0.044785659388864474,0.0,1.920253919901158,1.745509670009719
2021-12-08,0.0014659836244766966,0.0014659836244766966,0.0012733640643272093,0.0,1.92306898070257,1.747732339297445
2021-12-09,-0.016843519604792207,-0.016843519604792207,-0.017818152336068205,0.0,1.8906777306247384,1.7165909782331703
2021-12-10,0.015592009977026698,0.015592009977026698,0.006166517354678991,0.0,1.9201571966639814,1.7271763662913306
2021-12-13,-0.032432001266763856,-0.032432001266763856,-0.027905425607733902,0.0,1.8578826560293895,1.6789787746903517
2021-12-14,-0.011453443954166882,-0.011453443954166882,-0.00684143038496543,0.0,1.836603501155138,1.6674921582854731
2021-12-15,0.040870545005879645,0.040870545005879645,0.040364559235904096,0.0,1.9116664872070555,1.7347997442839926
2021-12-16,-0.04547484164366944,-0.04547484164366944,-0.04211626649828604,0.0,1.8247337564258048,1.6617364559325696
2021-12-17,-0.010176915503555631,-0.010176915503555631,-0.008244118299571945,0.0,1.8061635951701738,1.64803690400715
2021-12-20,-0.007695027544468195,-0.007695027544468195,-0.011119038366194545,0.0,1.7922651165555237,1.6297123184425901
2021-12-21,0.03035852820772337,0.03035852820772337,0.030777788402258643,0.0,1.8466756476521933,1.6798712593361704
2021-12-22,0.014851232864639,0.014851232864639,0.008833303930062986,0.0,1.8741010577209343,1.6947100727332645
2021-12-23,0.0054264284621792225,0.0054264284621792225,0.006511213704760488,0.0,1.8842707330415513,1.705744692184441
2021-12-27,0.03006294250721534,0.03006294250721534,0.027466540647911097,0.0,1.9409174557570081,1.7525955981072836
2021-12-28,-0.009801384746747225,-0.009801384746747225,-0.007779262349854599,0.0,1.9218937770114561,1.7389616971564068
2021-12-29,-0.0026776278117148777,-0.0026776278117148777,-0.005535077141286426,0.0,1.9167476607829685,1.7293364100169037
2021-12-30,-0.0093674391512093,-0.0093674391512093,-0.007087949756809708,0.0,1.8987926437023612,1.7170789604300822
2021-12-31,-0.006097105677070114,-0.006097105677070114,-0.009444532573829267,0.0,1.8872155042948646,1.7008619522564634
2022-01-03,0.014825369479192661,0.014825369479192661,0.015680467595363234,0.0,1.9151941714328968,1.7275322629830072
2022-01-04,-0.019142441311684816,-0.019142441311684816,-0.01792947017080082,0.0,1.8785326794057617,1.6965585248047574
2022-01-05,-0.04084999614889569,-0.04084999614889569,-0.03956863958499879,0.0,1.8017946266864615,1.6294280120019007
2022-01-06,-0.001267126838298549,-0.001267126838298549,0.004880061163213156,0.0,1.799511524357885,1.6373797203615228
2022-01-07,-0.010513989415483057,-0.010513989415483057,-0.011298036302515135,0.0,1.7805914792377464,1.6188805448398762
2022-01-10,0.002154665178832005,0.002154665178832005,-0.00069821697417638,0.0,1.784428057695785,1.617750214964305
2022-01-11,0.01142075533169214,0.01142075533169214,0.014791601558665324,0.0,1.804807573949735,1.6416793315655023
2022-01-12,0.006519396347384483,0.006519396347384483,0.003941798769736993,0.0,1.8165738298550744,1.6481505011349697
2022-01-13,-0.037403288753387755,-0.037403288753387755,-0.034540471403587625,0.0,1.7486279943551577,1.5912226058817087
2022-01-14,0.012212310288703954,0.012212310288703954,0.01217773021995483,0.0,1.7699827820017369,1.6106000854960296
2022-01-18,-0.02726569950119554,-0.02726569950119554,-0.029924043562575053,0.0,1.7217229633453874,1.5624044183757593
2022-01-19,-0.017017553173271138,-0.017017553173271138,-0.01540041467839004,0.0,1.6924234512670153,1.5383427424374239
2022-01-20,-0.017544085460405385,-0.017544085460405385,-0.01984300082068835,0.0,1.6627314296027924,1.507817406136738
2022-01-21,-0.02112190772636287,-0.02112190772636287,-0.030576766861139304,0.0,1.6276113697729988,1.4617132248401272
2022-01-24,-0.0012671750840615261,-0.0012671750840615261,0.0038089645446179876,0.0,1.6255489011986872,1.4672808386879426
2022-01-25,-0.02760418482209977,-0.02760418482209977,-0.029696267105203566,0.0,1.5806769488926373,1.4237080749839184
2022-01-26,0.015999215980022997,0.015999215980022997,0.00748043104414986,0.0,1.6059665407926145,1.434358025065835
2022-01-27,-0.009584841690479165,-0.009584841690479165,-0.008678182697793302,0.0,1.5905736057389108,1.4219104040702677
2022-01-28,0.04623011812503486,0.04623011812503486,0.040372650389679965,0.0,1.6641060114187833,1.4793166956992452
2022-01-31,0.03567208611426993,0.03567208611426993,0.039467026563764884,0.0,1.7234681443613884,1.5377009270246282
2022-02-01,-0.0006345502106565779,-0.0006345502106565779,0.0045023640390182695,0.0,1.722374517287324,1.544624216381229
2022-02-02,0.015593713015888076,0.015593713015888076,0.013466625448637748,0.0,1.7492327312157812,1.5654250921621304
2022-02-03,-0.03564522105293636,-0.03564522105293636,-0.07931051667682087,0.0,1.686880943838563,1.4412704192838919
2022-02-04,0.009793772318041275,0.009793772318041275,0.023806965221505383,0.0,1.7034018717301604,1.475582694030568
2022-02-07,-0.0012424788168424357,-0.0012424788168424357,-0.005309263435584466,0.0,1.701285430987966,1.4677484367869704
2022-02-08,0.015276404127925117,0.015276404127925117,0.011881094318966445,0.0,1.7272749547686894,1.485186894400952
2022-02-09,0.0312447777602165,0.0312447777602165,0.03265900915340447,0.0,1.7812432768612252,1.5336916267797092
2022-02-10,-0.028320742930546056,-0.028320742930546056,-0.025514732594801415,0.0,1.7307971439204748,1.494559895039539
2022-02-11,-0.03903317678904361,-0.03903317678904361,-0.042282547091681444,0.0,1.663238633015855,1.4313660958961911
2022-02-14,0.004855327302021391,0.004855327302021391,0.005118957407590274,0.0,1.6713142009605135,1.4386931979757525
2022-02-15,0.044502166369507615,0.044502166369507615,0.04114101592090513,0.0,1.745691303587379,1.4978824977389709
2022-02-16,-0.0006507074449341177,-0.0006507074449341177,-0.0013406906056233625,0.0,1.7445553692595779,1.4958743007459245
2022-02-17,-0.04204751864850731,-0.04204751864850731,-0.043323547702893817,0.0,1.6712011448372823,1.4310677191200256
2022-02-18,-0.01809437223143669,-0.01809437223143669,-0.018110377774981257,0.0,1.6409618092489933,1.405150542105181
2022-02-22,-0.00973343492380363,-0.00973343492380363,-0.012019326266170194,0.0,1.624989614266221,1.388261579286533
2022-02-23,-0.03154634814031865,-0.03154634814031865,-0.03172626190283612,0.0,1.5737271261701766,1.3442172288324434
2022-02-24,0.04285612682040647,0.04285612682040647,0.04494695051112951,0.0,1.6411709754700394,1.404635694092983
2022-02-25,0.013140263668218298,0.013140263668218298,0.014074858872127338,0.0,1.6627363948123428,1.4244057432540944
2022-02-28,0.005351399919237461,0.005351399919237461,0.00451484552823489,0.0,1.6716343622212546,1.4308367151544172
2022-03-01,-0.020571866177026478,-0.020571866177026478,-0.023480029742589226,0.0,1.63724572382472,1.3972406265258028
2022-03-02,0.023392481952029105,0.023392481952029105,0.02181174911848527,0.0,1.6755449648703264,1.4277168885297389
2022-03-03,-0.012365683874669926,-0.012365683874669926,-0.01660747567643528,0.0,1.654825705516945,1.4040061150306453
2022-03-04,-0.023898280567909137,-0.023898280567909137,-0.022547972073711064,0.0,1.615278216515513,1.3723486243576148
2022-03-07,-0.04351867287439422,-0.04351867287439422,-0.049828784279646765,0.0,1.5449834522098396,1.3039661607980293
2022-03-08,-0.005020072668584989,-0.005020072668584989,-0.0023838995899911897,0.0,1.5372275230079848,1.3008576364019404
2022-03-09,0.05019247763226834,0.05019247763226834,0.04760381452839457,0.0,1.6143847810722705,1.3627834220530641
2022-03-10,-0.017580412269831053,-0.017580412269831053,-0.008142844208597122,0.0,1.586003231058879,1.351686488957227
2022-03-11,-0.022621335634113726,-0.022621335634113726,-0.022814525073225234,0.0,1.5501257196523073,1.3208484036637727
2022-03-14,-0.024788433614122973,-0.024788433614122973,-0.023744207945765705,0.0,1.5117005311571614,1.2894859045023475
2022-03-15,0.04848252177429642,0.04848252177429642,0.04757767538630242,0.0,1.5849915850752039,1.3508366462819728
2022-03-16,0.04017467793466041,0.04017467793466041,0.045065894068418544,0.0,1.648668111534747,1.4117133074870538
2022-03-17,0.006765226239198692,0.006765226239198692,0.011633810244865206,0.0,1.6598217243026319,1.4281369122265093
2022-03-18,0.03556137298376997,0.03556137298376997,0.03871033679720348,0.0,1.7188472637271222,1.4834205730913157
2022-03-21,0.004977665826869722,0.004977665826869722,0.0020705523200010845,0.0,1.727403111013385,1.4864920730004672
2022-03-22,0.009774901218524128,0.009774901218524128,0.010628997010693197,0.0,1.7442883057881122,1.5022919928008083
2022-03-23,-0.013450315499650515,-0.013450315499650515,-0.015354075336119655,0.0,1.7208270777529113,1.4792256883664954
2022-03-24,0.04540719164285956,0.04540719164285956,0.04361636427343174,0.0,1.7989650026566597,1.5437441348329062
2022-03-25,-0.004638970115733628,-0.004638970115733628,-0.0029980592795093575,0.0,1.7906196577700848,1.5391158984042823
2022-03-28,0.01572793330903388,0.01572793330903388,0.016438658524139615,0.0,1.8187824043293377,1.5644168990872247
2022-03-29,0.01659325756581357,0.01659325756581357,0.015763737134953715,0.0,1.8489619292205441,1.5890779558539152
2022-03-30,-0.015091352630573632,-0.015091352630573632,-0.01725866696219358,0.0,1.8210585927461713,1.561652588636869
2022-03-31,-0.016683088602949758,-0.016683088602949758,-0.01769939314405533,0.0,1.790677710892224,1.5340122855161533
2022-04-01,-0.006384610240684929,-0.006384610240684929,-0.0049737044243359785,0.0,1.7792449316414953,1.5263825618246958
2022-04-04,0.021962962918438945,0.021962962918438945,0.02539614911359922,0.0,1.8183224220979581,1.5651468009691933
2022-04-05,-0.028052210947596946,-0.028052210947596946,-0.028427539569400695,0.0,1.7673144579425208,1.5206535283527207
2022-04-06,-0.037942750752517476,-0.037942750752517476,-0.03920273438213584,0.0,1.7002576859634873,1.4610397519934513
2022-04-07,-3.5115174133977696e-05,-3.5115174133977696e-05,-0.0019279799706088951,0.0,1.700197981118772,1.4582228966153445
2022-04-08,-0.023831357611152366,-0.023831357611152366,-0.022975021687882236,0.0,1.659679955020971,1.4247201939398406
2022-04-11,-0.03897987462202238,-0.03897987462202238,-0.036072237239797134,0.0,1.59498583846157,1.373327349103713
2022-04-12,-0.006179517813225973,-0.006179517813225973,-0.006977394446019303,0.0,1.5851295950609536,1.3637451024855103
2022-04-13,0.022853552043643106,0.022853552043643106,0.022432953438283665,0.0,1.621355436757598,1.394337932871255
2022-04-14,-0.03321139810322915,-0.03321139810322915,-0.03149530704939807,0.0,1.5675079558806064,1.3504228315448519
2022-04-18,0.008610387278747597,0.008610387278747597,0.008887110729265624,0.0,1.5810048064432562,1.3624241887801194
2022-04-19,0.016735362804353095,0.016735362804353095,0.021208696746797706,0.0,1.6074634954745104,1.3913194302404588
2022-04-20,-0.009851482007228813,-0.009851482007228813,-0.022501398477160817,0.0,1.5916275977715661,1.3600127973316019
2022-04-21,-0.028231337350712666,-0.028231337350712666,-0.035661104597333404,0.0,1.5466938221221727,1.3115132387122477
2022-04-22,-0.028354381689447223,-0.028354381689447223,-0.027635512755064706,0.0,1.5028382751330105,1.2752688978753792
2022-04-25,0.01699379534262039,0.01699379534262039,0.01604023289955392,0.0,1.5283772012136776,1.2957245080068578
2022-04-26,-0.0435686295865025,-0.0435686295865025,-0.04337759435619304,0.0,1.4617879010655435,1.2395190959011586
2022-04-27,0.008929661350216112,0.008929661350216112,-0.0007059999258137717,0.0,1.474841171987902,1.2386439955114077
2022-04-28,0.04734027093015847,0.04734027093015847,0.06296978672850617,0.0,1.5446605526487618,1.3166411437413057
2022-04-29,-0.046949101336722365,-0.046949101336722365,-0.05812377547662606,0.0,1.4721401278316175,1.2401129895191978
2022-05-02,0.026723963540518904,0.026723963540518904,0.02803354174827999,0.0,1.5114815469343246,1.2748777487834686
2022-05-03,0.001233006491924519,0.001233006491924519,0.0015119391624724976,0.0,1.5133452134941188,1.2768052863792192
2022-05-04,0.03581730176133724,0.03581730176133724,0.03561471353105139,0.0,1.567549155674913,1.322278340888547
2022-05-05,-0.05751555216095464,-0.05751555216095464,-0.06216424290512412,0.0,1.4773907004468323,1.2400799089173669
2022-05-06,-0.004562645311940765,-0.004562645311940765,-0.008061433408230845,0.0,1.4706498906935337,1.2300830873107444
2022-05-09,-0.05416800450177506,-0.05416800450177506,-0.05372176090264258,0.0,1.3909877207939114,1.1640008578038523
2022-05-10,0.024253404038473127,0.024253404038473127,0.019707773778401716,0.0,1.4247239079988812,1.1869407233873162
2022-05-11,-0.04663185641152782,-0.04663185641152782,-0.0453062549234734,0.0,1.3582863872950066,1.1331648843944784
2022-05-12,-0.02473748984326052,-0.02473748984326052,-0.015272679699590896,0.0,1.3246857915850574,1.1158584200682975
2022-05-13,0.049721776375136154,0.049721776375136154,0.0509393741009565,0.0,1.3905515222815696,1.1726995495718588
2022-05-16,-0.01139342858945606,-0.01139342858945606,-0.010807984615050947,0.0,1.3747083728124951,1.160025030882009
2022-05-17,0.032883657032147795,0.032883657032147795,0.03219551323896108,0.0,1.4199138114632832,1.197372632121297
2022-05-18,-0.05670401722543579,-0.05670401722543579,-0.058531367016494196,0.0,1.3393989942394349,1.1272887751350997
2022-05-19,-0.005786403904464091,-0.005786403904464091,-0.004012920835514633,0.0,1.3316486906695326,1.1227650545217183
2022-05-20,-0.00855179232548416,-0.00855179232548416,-0.005447510384010479,0.0,1.320260707616424,1.116648780228407
2022-05-23,0.028123721263585567,0.028123721263585567,0.021923732594164358,0.0,1.3573913517526925,1.1411298894877344
2022-05-24,-0.022398888474959744,-0.022398888474959744,-0.03195182137455288,0.0,1.326987294247909,1.104668711093659
2022-05-25,0.021044608597683125,0.021044608597683125,0.021790077781776107,0.0,1.354913222469455,1.1287395282314843
2022-05-26,0.029226676524020924,0.029226676524020924,0.033390641728443526,0.0,1.3945128329406886,1.166428865423394
2022-05-27,0.040713229671141805,0.040713229671141805,0.038130491093876895,0.0,1.4512879541875576,1.2109053708880617
2022-05-31,-0.005916440965798242,-0.006583107632464909,-0.00023426328009557018,0.6666666666666666,1.441733969379441,1.210621700223992
2022-06-01,0.004471814204334364,0.004471814204334364,-0.006957795183911708,0.0,1.4481811358225833,1.2021984423886345
2022-06-02,0.018730224803400176,0.018730224803400176,0.03644163229015218,0.0,1.4753058940525838,1.2460085159659549
2022-06-03,-0.026782648536723037,-0.026782648536723037,-0.03407783934642361,0.0,1.4357932948080174,1.2035472379345913
2022-06-06,0.006822359716628812,0.006822359716628812,0.006026066638086691,0.0,1.4455887931439213,1.2107998937924702
2022-06-07,0.00573183125258403,0.00573183125258403,0.008345800829115069,0.0,1.453874664166849,1.2209049885499759
2022-06-08,-0.009169966805707253,-0.009169966805707253,-0.008351780075157578,0.0,1.4405426817567801,1.2107082585929436
2022-06-09,-0.032749114424179306,-0.032749114424179306,-0.0358207514594876,0.0,1.3933661846390133,1.1673397789719366
2022-06-10,-0.04638487357935761,-0.04638487357935761,-0.049132185098385794,0.0,1.3287350703147809,1.1099858248787786
2022-06-13,-0.04507822150113098,-0.04507822150113098,-0.05602328934944878,0.0,1.2688380564988104,1.0478007678378083
2022-06-14,0.000919747803078649,0.000919747803078649,0.005079560999722066,0.0,1.2700050675137378,1.053123135753596
2022-06-15,0.03407883594843031,0.03407883594843031,0.03471297949608587,0.0,1.3132853618632137,1.089680177571864
2022-06-16,-0.03462167382631165,-0.03462167382631165,-0.04240724296133602,0.0,1.2678172244239159,1.0434698455314222
2022-06-17,0.015723170394992714,0.015723170394992714,0.015606581558188948,0.0,1.2877513306732398,1.0597548427792192
2022-06-21,0.026837079271579592,0.026837079271579592,0.02363308220009097,0.0,1.3223108152165994,1.084800116090565
2022-06-22,-0.0012489676610229665,-0.0012489676610229665,-0.005614159787604822,0.0,1.3206592917705728,1.0787098749012203
2022-06-23,0.025414523860352922,0.025414523860352922,0.014280241313155972,0.0,1.3542232188526728,1.094114112221694
2022-06-24,0.03147301437548733,0.03147301437548733,0.04233880562527914,0.0,1.3968447056872417,1.140437596950923
2022-06-27,-0.012772360465872747,-0.012772360465872747,-0.01075460195852651,0.0,1.3790037015913583,1.1281726445371774
2022-06-28,-0.03764774425807108,-0.03764774425807108,-0.042049815885312425,0.0,1.3270873229029136,1.080733192547543
2022-06-29,0.013971556656695139,0.013971556656695139,0.0031004413626283256,0.0,1.3456287986232336,1.0840839424396826
2022-06-30,-0.01869590686835243,-0.01869590686835243,-0.019339273977363014,0.0,1.3204710479248007,1.0631185460623818
2022-07-01,0.01947107838248341,0.01947107838248341,-0.0016843616200644673,0.0,1.3461820432007445,1.0613278699858155
2022-07-05,0.022496511753863725,0.022496511753863725,0.02637945418357268,0.0,1.3764664433584504,1.0893251199058551
2022-07-06,0.009901024421591057,0.009901024421591057,0.01042546115551013,0.0,1.390094871229643,1.100681836629155
2022-07-07,0.01657310516311646,0.01657310516311646,0.024429696894447517,0.0,1.4131330597172407,1.1275711602752292
2022-07-08,-0.0016112034207214445,-0.0016112034207214445,-0.0016219394338757853,0.0,1.4108562148974897,1.1257423081458777
2022-07-11,-0.01977637572018557,-0.01977637572018557,-0.027813288234620148,0.0,1.3829545923045181,1.0944317128515098
2022-07-12,-0.018929089704367387,-0.018929089704367387,-0.011960253790424757,0.0,1.356776520769719,1.0813420318095164
2022-07-13,0.0015074517333667492,0.0015074517333667492,0.0014467081551203798,0.0,1.3588217958877449,1.0829064181454096
2022-07-14,0.009315652697792368,0.009315652697792368,0.006424689076122592,0.0,1.3714801078164258,1.0898637551805315
2022-07-15,0.016078424436689387,0.016078424436689387,0.020330140266012764,0.0,1.3935313470963748,1.1120208381941952
2022-07-18,-0.009471776329240048,-0.009471776329240048,0.0002687971838439829,0.0,1.3803321298688935,1.1123197462638776
2022-07-19,0.028868781040716957,0.028868781040716957,0.037684539217953894,0.0,1.420180635889545,1.1542370033648632
2022-07-20,0.020880814761679467,0.020880814761679467,0.02904077101542679,0.0,1.4498351646756789,1.1877569358771147
2022-07-21,0.01334781143845213,0.01334781143845213,0.011749272505664266,0.0,1.4691872910706072,1.2017122157872278
2022-07-22,-0.01425294164457802,-0.01425294164457802,-0.028626938127041646,0.0,1.448247050346022,1.1673108745393768
2022-07-25,-0.007910167199129625,-0.007910167199129625,-0.011088603153382448,0.0,1.4367911740321389,1.1543670274949818
2022-07-26,-0.029284779478780422,-0.029284779478780422,-0.028272558913878143,0.0,1.3947150613435497,1.1217301177018915
2022-07-27,0.05158020666812109,0.05158020666812109,0.059150167238950946,0.0,1.4666547524507911,1.1880806417609264
2022-07-28,0.014313584338559782,0.014313584338559782,0.005905395413754455,0.0,1.487647838945545,1.195096727733952
2022-07-29,0.050691110185939005,0.050691110185939005,0.026984671235988023,0.0,1.5630583594674077,1.2273460200270576
2022-08-01,-0.004205808643488962,-0.004205808643488962,0.001500337298105503,0.0,1.556484435108882,1.2291874530385856
2022-08-02,-0.009948803068864993,-0.009948803068864993,-0.004695337938554034,0.0,1.54099927798423,1.2234160025567389
2022-08-03,0.03534556054326191,0.03534556054326191,0.032491480831747355,0.0,1.5954667612613447,1.2631666001530641
2022-08-04,0.008037113457383635,0.008037113457383635,0.009413400647810155,0.0,1.6082897086390864,1.275057293445237
2022-08-05,-0.005470845391222075,-0.005470845391222075,-0.008160389122424894,0.0,1.5994910042988282,1.264652329777338
2022-08-08,-0.00731008900738761,-0.00731008900738761,-0.020041651821964934,0.0,1.587798582690888,1.239306608108104
2022-08-09,-0.0013221265133388136,-0.0013221265133388136,-0.011810730016863835,0.0,1.5856993120868705,1.2246694923516237
2022-08-10,0.028585255732798204,0.028585255732798204,0.03920876365828363,0.0,1.6310269324381959,1.2726872690367488
2022-08-11,-0.008733158196952195,-0.008733158196952195,-0.007655881440917556,0.0,1.6167829162137235,1.2629437261936383
2022-08-12,0.0197180570431111,0.0197180570431111,0.025555121256034097,0.0,1.648662733981953,1.295218406256064
2022-08-15,0.0030333941302921694,0.0030333941302921694,0.007385858038700732,0.0,1.6536637778420455,1.3047847055337836
2022-08-16,0.0025536363260371857,0.0025536363260371857,-0.0023340797997802865,0.0,1.657886633736195,1.3017392339095348
2022-08-17,-0.004120810051158089,-0.004120810051158089,-0.011649373191499168,0.0,1.6510547978322143,1.2865747877757063
2022-08-18,-0.0016105179660522715,-0.0016105179660522715,0.005023623656739584,0.0,1.6483957444173687,1.293038055315741
2022-08-19,-0.019185803474924858,-0.019185803474924858,-0.028528292886330298,0.0,1.6167699476160746,1.2561498869605225
2022-08-22,-0.029542898692984616,-0.029542898692984616,-0.03302569861216531,0.0,1.569005876843791,1.2146646593820587
2022-08-23,-0.001247573185182686,-0.001247573185182686,-0.0001659773420034094,0.0,1.5670484271844465,1.214463052570469
2022-08-24,0.00026327414208586014,0.00026327414208586014,0.0021591794092783445,0.0,1.5674609905147203,1.2170852961869085
2022-08-25,0.01734217093115283,0.01734217093115283,0.024328794745205995,0.0,1.5946441669401406,1.246695514545248
2022-08-26,-0.041284276068559514,-0.041284276068559514,-0.05447654523785306,0.0,1.5288104369210656,1.1787798499492954
2022-08-29,-0.010566863138496344,-0.010566863138496344,-0.016166196354948204,0.0,1.512655706269416,1.1597234634357587
2022-08-30,-0.010664535369766415,-0.010664535369766415,-0.013945636718126542,0.0,1.4965239359876268,1.143550381321196
2022-08-31,-0.010521552133346527,-0.010521552133346527,-0.008487414726086828,0.0,1.480778181376332,1.1338445949747482
2022-09-01,0.0029657043660688,0.0029657043660688,-0.01609561234782808,0.0,1.4851697316940191,1.1155946719113545
2022-09-02,-0.010900988434205209,-0.010900988434205209,-0.016369380606813033,0.0,1.4689799136259911,1.0973330781239048
2022-09-06,-0.010056193940828942,-0.010056193940828942,-0.010796594022307482,0.0,1.4542075667193861,1.085485618372152
2022-09-07,0.01836263082495848,0.01836263082495848,0.01661988701612427,0.0,1.4809106434099153,1.1035262667071248
2022-09-08,-0.001775238594500831,-0.001775238594500831,0.004099040022277789,0.0,1.478281673680727,1.108049665039992
2022-09-09,0.02279724526764585,0.02279724526764585,0.026091928108820772,0.0,1.5119824235702926,1.1369608172412184
2022-09-12,0.023550257524580287,0.023550257524580287,0.017451557896843495,0.0,1.547589999018012,1.156802554769746
2022-09-13,-0.061411086304434884,-0.061411086304434884,-0.07217025679441857,0.0,1.4525508160244365,1.073315817331574
2022-09-14,0.008036385824979675,0.008036385824979675,0.003591924514580347,0.0,1.464224074812398,1.0771710867277342
2022-09-15,-0.021235849121696144,-0.021235849121696144,-0.019085065750231167,0.0,1.4331300332793269,1.0566132057132875
2022-09-16,-0.01178171923629793,-0.01178171923629793,-0.004533922312795147,0.0,1.4162452975981237,1.05182260352391
2022-09-19,0.011110580267327917,0.011110580267327917,0.012607800520286316,0.0,1.4319806046553134,1.0650837730918676
2022-09-20,-0.004204675459243522,-0.004204675459243522,-0.005610027669141537,0.0,1.4259595909488065,1.0591086236548686
2022-09-21,-0.02152505329398028,-0.02152505329398028,-0.014814379046854675,0.0,1.3952657347585713,1.0434185870522528
2022-09-22,-0.0027520189247665448,-0.0027520189247665448,-0.013484804756769053,0.0,1.3914259370514375,1.0293482911262692
2022-09-23,-0.019304422426287122,-0.019304422426287122,-0.014246937582921504,0.0,1.364565262987704,1.0146832302715063
2022-09-26,0.004108608521792067,0.004108608521792067,-0.006613436040956544,0.0,1.3701717274557568,1.0079726876262745
2022-09-27,-0.0014133341024636184,-0.0014133341024636184,0.001844254870036366,0.0,1.3682352170271121,1.0098316461642929
2022-09-28,0.01284185251347251,0.01284185251347251,0.017138678361686477,0.0,1.3858058918879135,1.027138825947355
2022-09-29,-0.03037636882938847,-0.03037636882938847,-0.03456040046248876,0.0,1.3437101409899865,0.9916404967920439
2022-09-30,-0.021695658328755786,-0.021695658328755786,-0.01726992323339882,0.0,1.3145574648781835,0.9745149415373159
2022-10-03,0.029967196315866824,0.029967196315866824,0.029661737484084627,0.0,1.353951066496676,1.003420747907514
2022-10-04,0.034798543609422396,0.034798543609422396,0.0352151759022481,0.0,1.4010665917291847,1.0387563860490423
2022-10-05,0.0007277220522388476,0.0007277220522388476,0.00046417228557715795,0.0,1.402086178784641,1.0392385479749127
2022-10-06,-0.007223643976490742,-0.007223643976490742,-0.006246687682689878,0.0,1.3919580074047424,1.0327467493379012
2022-10-07,-0.04509519308806442,-0.04509519308806442,-0.05254679089653247,0.0,1.329187392290348,0.9784792218513689
2022-10-10,-0.008905424312709426,-0.008905424312709426,-0.0131420052815443,0.0,1.3173504145708987,0.9656200427499169
2022-10-11,-0.013283160406611372,-0.013283160406611372,-0.0146435095205949,0.0,1.2998518377024375,0.9514799764606312
2022-10-12,0.001017629177203272,0.001017629177203272,-0.0025798080754855235,0.0,1.3011746048585249,0.9490253407336953
2022-10-13,0.022647836345606555,0.022647836345606555,0.02923049386347354,0.0,1.3306433943664202,0.9767658201322924
2022-10-14,-0.035506632243849826,-0.035506632243849826,-0.03909822970225818,0.0,1.2833967287149437,0.9385760057314454
2022-10-17,0.04427381989634489,0.04427381989634489,0.04639658775359545,0.0,1.3402176043376273,0.9821227297447835
2022-10-18,0.012026055764869332,0.012026055764869332,0.007417314935877162,0.0,1.356335135984451,0.9894074433369839
2022-10-19,-0.006263441905975127,-0.006263441905975127,-0.0015216598884737476,0.0,1.3478398096551796,0.9879019017171007
2022-10-20,-0.0010327675767466404,-0.0010327675767466404,0.0003664430157679366,0.0,1.3464478044011194,0.9882639114692487
2022-10-21,0.029218052881950635,0.029218052881950635,0.022693590961048837,0.0,1.3857883875528976,1.010691168437698
2022-10-24,0.01339363608280856,0.01339363608280856,0.012051116603463585,0.0,1.4043491329035633,1.0228711255586316
2022-10-25,0.01321303629596704,0.01321303629596704,0.02789828242485415,0.0,1.4229048489688279,1.0514074731036946
2022-10-26,-0.04591510808400719,-0.04591510808400719,-0.04199244831529603,0.0,1.357572019035166,1.0072562991310718
2022-10-27,-0.030285881812202188,-0.030285881812202188,-0.03873820175839893,0.0,1.3164567533151144,0.9682370013929141
2022-10-28,0.015910064732572463,0.015910064732572463,0.03493768266815378,0.0,1.33740166547799,1.0020649584951444
2022-10-31,-0.013548910826851501,-0.013548910826851501,-0.0206107583497549,0.0,1.3192813295727461,0.9814116397848438
2022-11-01,-0.029918799911303265,-0.029918799911303265,-0.013998841342465207,0.0,1.279810015446541,0.9676730139478472
2022-11-02,-0.04030730014719126,-0.04030730014719126,-0.03560108164850928,0.0,1.2282243290225558,0.9332228079692308
2022-11-03,-0.03319871209437153,-0.03319871209437153,-0.01992364750445763,0.0,1.1874488631360334,0.9146296057001317
2022-11-04,0.016730344108576656,0.016730344108576656,0.026320379561105334,0.0,1.2073152912276373,0.9387030040799833
2022-11-07,0.009408557808927463,0.009408557808927463,0.015260751601013256,0.0,1.2186743869387544,0.9530283174523728
2022-11-08,0.0008294173308111366,0.0008294173308111366,0.007234934611326738,0.0,1.2196851765958971,0.9599234150118835
2022-11-09,-0.0316385863253011,-0.0316385863253011,-0.030936998508520608,0.0,1.1810960618464776,0.9302262657533669
2022-11-10,0.0976735156673106,0.0976735156673106,0.10755486054328145,0.0,1.2964578665478383,1.0302766220401678
2022-11-11,0.026439018269264647,0.026439018269264647,0.02579821885712197,0.0,1.3307349397668284,1.0568559238189363
2022-11-14,-0.018268490616618022,-0.018268490616618022,-0.010230870440619988,0.0,1.3064244210064924,1.046043367787943
2022-11-15,0.006059039546568501,0.006059039546568501,0.013011985421695238,0.0,1.3143400982379736,1.0596544688400606
2022-11-16,-0.0083008387677657,-0.0083008387677657,-0.020347168898525947,0.0,1.3034299729964909,1.0380935003884941
2022-11-17,-0.0035362688631834045,-0.0035362688631834045,-0.004848231294935945,0.0,1.2988206941676435,1.033060582992841
2022-11-18,-0.0018689645888574724,-0.0018689645888574724,-0.004698868610582552,0.0,1.2963932442829689,1.0282063670465857
2022-11-21,-0.012028537975832254,-0.012028537975832254,-0.010726263249048462,0.0,1.2807995289124987,1.0171775548792963
2022-11-22,0.011658835847650298,0.011658835847650298,0.022530071076738878,0.0,1.2957321603738374,1.0400946374883904
2022-11-23,0.008770553829951325,0.008770553829951325,0.014551114566038859,0.0,1.3070964490355954,1.0552291737180066
2022-11-25,-0.009202029747741128,-0.009202029747741128,-0.011385152023639544,0.0,1.295068508628403,1.0432152291554475
2022-11-28,-0.014545226493504869,-0.014545226493504869,-0.02196077873099922,0.0,1.2762314438457973,1.020305410339156
2022-11-29,-0.01444944538045482,-0.01444944538045482,-0.011961797387333717,0.0,1.2577906073051286,1.0081007237474786
2022-11-30,0.05159872800249291,0.05093206133582624,0.06372232871137484,0.6666666666666666,1.3218524756640195,1.0723392494402904
2022-12-01,0.004218404221820885,0.004218404221820885,0.004308927255160633,0.0,1.3274285837279851,1.076959881258982
2022-12-02,-0.0057301947754586635,-0.0057301947754586635,-0.00449878384509983,0.0,1.3198221593927124,1.0721148715433535
2022-12-05,-0.014215249752881945,-0.014215249752881945,-0.015734265920364643,0.0,1.3010605577675571,1.0552459310573128
2022-12-06,-0.02772711163166911,-0.02772711163166911,-0.03220801734817613,0.0,1.2649859064427744,1.0212585518032267
2022-12-07,-0.0028416850608181665,-0.0028416850608181665,-0.0018471620894463525,0.0,1.2613912148902904,1.0193721217228129
2022-12-08,0.029868812766431715,0.029868812766431715,0.02903514148621178,0.0,1.2990674729130702,1.0489697355041347
2022-12-09,-0.007074494123820366,-0.007074494123820366,-0.006891373799235101,0.0,1.2898772277095005,1.041740892952691
2022-12-12,0.025563097553605564,0.025563097553605564,0.02161977539104787,0.0,1.322850485113613,1.064263097073998
2022-12-13,0.01829042007811732,0.01829042007811732,0.02175929437225288,0.0,1.3470459761868823,1.0874207110927565
2022-12-14,-0.012130222634274952,-0.012130222634274952,-0.010623596507880695,0.0,1.3307060085971312,1.0758683922237944
2022-12-15,-0.03987461905363761,-0.03987461905363761,-0.039875879403911685,0.0,1.277644613431934,1.032967193960998
2022-12-16,-0.01813415248387029,-0.01813415248387029,-0.01304074417295098,0.0,1.2544756111917637,1.0194965330455015
2022-12-19,-0.0174558017729625,-0.0174558017729625,-0.021508539376861036,0.0,1.2325777335937842,0.997568651719919
2022-12-20,-0.001770658884473845,-0.001770658884473845,0.00042157412603338607,0.0,1.2303952588789917,0.9979892008524262
2022-12-21,0.02018287876432656,0.02018287876432656,0.020646445396518276,0.0,1.2552281772211487,1.0185941303941406
2022-12-22,-0.03990714210035843,-0.03990714210035843,-0.03944362987477712,0.0,1.2051356079844104,0.9784170805222536
2022-12-23,-0.003067114867216077,-0.003067114867216077,-0.00011193190079172854,0.0,1.2014393186441499,0.9783075644386636
2022-12-27,-0.03088201315145422,-0.03088201315145422,-0.03011810111129931,0.0,1.164336453805107,0.948842798294951
2022-12-28,-0.01565314455328241,-0.01565314455328241,-0.014957947172885677,0.0,1.1461109269850396,0.9346500578426821
2022-12-29,0.03211662003398219,0.03211662003398219,0.03278332880446322,0.0,1.1829201361438133,0.9652909980060492
2022-12-30,-0.0005717348261600197,-0.0005717348261600197,-0.0005517051827377273,0.0,1.182243819505414,0.9647584419595993
2023-01-03,-0.01962179796476652,-0.01962179796476652,-0.009750789656521874,0.0,1.1590460701339849,0.9553512853226974
2023-01-04,-0.001037034316571539,-0.001037034316571539,0.0014845297508088162,0.0,1.1578440995847685,0.9567695327282324
2023-01-05,-0.024352683118439522,-0.024352683118439522,-0.022336709520486497,0.0,1.1296474891270256,0.9353984495976303
2023-01-06,0.030073153454312607,0.030073153454312607,0.030784736667650803,0.0,1.1636195514168215,0.9641944445478222
2023-01-09,0.021859561514872596,0.021859561514872596,0.0196091702572756,0.0,1.189055764580926,0.9831014975720798
2023-01-10,0.010018078671183131,0.010018078671183131,0.014332409005313185,0.0,1.2009678187749218,0.9971917103290188
2023-01-11,0.0190443608911075,0.0190443608911075,0.02049574397406273,0.0,1.2238394833342776,1.01762989631698
2023-01-12,0.014298363844841065,0.014298363844841065,0.015185431647600112,0.0,1.2413383855546734,1.033083045550056
2023-01-13,0.012212496926812623,0.012212496926812623,0.01397988466278699,0.0,1.2564982267733944,1.0475254273739265
2023-01-17,0.020318497266575676,0.020318497266575676,0.013981424995869407,0.0,1.2820283825595469,1.0621713255680212
2023-01-18,-0.014206164635912288,-0.014206164635912288,-0.013797222934657571,0.0,1.2638156762889936,1.0475163109943584
2023-01-19,-0.017076429676287714,-0.017076429676287714,-0.014413476655705582,0.0,1.2422342167690545,1.0324179590993703
2023-01-20,0.039675421205989395,0.039675421205989395,0.03930448018379029,0.0,1.291520382555859,1.0729966103141808
2023-01-23,0.03640867557603422,0.03640867557603422,0.034983944755800245,0.0,1.3385429291641708,1.110534264452573
2023-01-24,0.0038628107174603445,0.0038628107174603445,0.0017253822503282557,0.0,1.343713467136727,1.112450360560841
2023-01-25,-0.002532681923124465,-0.002532681923124465,-0.0016345000860654713,0.0,1.340310268328651,1.1106320603507607
2023-01-26,0.02343518339760009,0.02343518339760009,0.02483914570500345,0.0,1.3717206852766195,1.1382192119224614
2023-01-27,0.014253725680599311,0.014253725680599311,0.01921991292689218,0.0,1.391272815634956,1.160095686067327
2023-01-30,-0.033703920049659386,-0.033703920049659386,-0.034123560322000146,0.0,1.344381467889531,1.1205090909445166
2023-01-31,0.016534637184865215,0.01586797051819855,0.017318062986554583,0.6666666666666666,1.3657140733872146,1.1399141379585007
2023-02-01,0.035908286730774654,0.035908286730774654,0.0346424503983529,0.0,1.414754525926657,1.1794035569411092
2023-02-02,0.10215391888410459,0.10215391888410459,0.06317754318338986,0.0,1.5592772450090884,1.2539153760903998
2023-02-03,-0.00517307540694752,-0.00517307540694752,-0.01954199410766233,0.0,1.551210986240319,1.229411369199334
2023-02-06,-0.00699005730287868,-0.00699005730287868,-0.007303848688209547,0.0,1.540367932557644,1.2204319345831376
2023-02-07,0.033509769819017876,0.033509769819017876,0.03369173014454585,0.0,1.5919853074142472,1.2615503979828986
2023-02-08,-0.01965015491945062,-0.01965015491945062,-0.011496340697445095,0.0,1.5607025494940678,1.2470471848006897
2023-02-09,-0.010335294031798595,-0.010335294031798595,-0.0074173171397193816,0.0,1.544572229748869,1.2377974403428287
2023-02-10,-0.022241770821621744,-0.022241770821621744,-0.019248863716664677,0.0,1.5102182081973534,1.213971246104833
2023-02-13,0.024573274889378327,0.024573274889378327,0.024811508650620206,0.0,1.5473292153703313,1.2440917041791673
2023-02-14,0.016783221625331635,0.016783221625331635,0.01783539324173722,0.0,1.573298384519242,1.2662805689519858
2023-02-15,-0.0026779446398773245,-0.0026779446398773245,-0.001568822311790674,0.0,1.5690851785434912,1.264293999742427
2023-02-16,-0.02351526358399077,-0.02351526358399077,-0.02546273431438395,0.0,1.5321877269843076,1.2321016175317157
2023-02-17,-0.01096727479637912,-0.01096727479637912,-0.015228618439662056,0.0,1.515383803142831,1.2133384121194348
2023-02-21,-0.02185957590946504,-0.02185957590946504,-0.025525108676646036,0.0,1.4822581558660564,1.182367817288537
2023-02-22,0.0007032719344188441,0.0007032719344188441,0.0019493414111908525,0.0,1.4833005864266404,1.184672655838037
2023-02-23,0.04962699343002633,0.04962699343002633,0.05058285039980048,0.0,1.5569123348839897,1.2445967755610268
2023-02-24,-0.014523263236619231,-0.014523263236619231,-0.017736563246594894,0.0,1.53430088720813,1.2225219061347805
2023-02-27,0.004163995616160284,0.004163995616160284,0.005706264773761127,0.0,1.5406897093763356,1.2294979398229087
2023-02-28,0.005425361896368626,0.004758695229701959,-0.0018283671573718907,0.6666666666666666,1.5480213821467959,1.22724996616968
2023-03-01,-0.014543376125618141,-0.014543376125618141,-0.01691370802891634,0.0,1.5255079249357357,1.2064926185633886
2023-03-02,0.017730871265751864,0.017730871265751864,0.01529209913171714,0.0,1.5525565095676555,1.224942423288145
2023-03-03,0.034258181475748474,0.034258181475748474,0.030055218589463584,0.0,1.605744272223779,1.2617583355795774
2023-03-06,-0.003254800394625704,-0.003254800394625704,-0.0008990427981486748,0.0,1.6005178951328771,1.2606239608349705
2023-03-07,-0.00794141406368735,-0.00794141406368735,-0.009915787396861608,0.0,1.5878075198112858,1.2481238816519413
2023-03-08,0.013022878166148331,0.013022878166148331,0.015767961106382344,0.0,1.6084853436930824,1.267804250473776
2023-03-09,-0.017993721061344038,-0.017993721061344038,-0.01933693502476197,0.0,1.579542707087409,1.2432888020582475
2023-03-10,-0.015626298416215767,-0.015626298416215767,-0.01630373072112201,0.0,1.554860301385304,1.2230185562209035
2023-03-13,0.009742606318142572,0.009742606318142572,0.010112241188586113,0.0,1.5700086931814095,1.2353860148395257
2023-03-14,0.049116214073824604,0.049116214073824604,0.036502898858009614,0.0,1.6471215762534732,1.2804811855898124
2023-03-15,0.014637437427453825,0.014637437427453825,0.010264991426419234,0.0,1.6712312152612925,1.293625313981583
2023-03-16,0.04367935858814786,0.04367935858814786,0.03985505148417645,0.0,1.7442295227963966,1.345182817471553
2023-03-17,-0.00886004176204987,-0.00886004176204987,-0.002710207721063229,0.0,1.7287755763818202,1.3415370926134
2023-03-20,-0.002572330825524105,-0.002572330825524105,0.0006442715038741387,0.0,1.72432859367628,1.342401406733561
2023-03-21,0.013076237213941688,0.013076237213941688,0.013329107373728277,0.0,1.7468763234019735,1.3602944192225566
2023-03-22,-0.0022663515662364464,-0.0022663515662364464,-0.0025376881684212593,0.0,1.7429172875104102,1.356842416169326
2023-03-23,0.023136189603085278,0.023136189603085278,0.018183972437570972,0.0,1.783241752336746,1.3815152012670762
2023-03-24,0.0012655891900003047,0.0012655891900003047,-0.0012404314822611617,0.0,1.785498603821661,1.3798015263182022
2023-03-27,-0.013193966383614326,-0.013193966383614326,-0.011060274333007492,0.0,1.7619407952648476,1.3645405429120203
2023-03-28,-0.006456964337785753,-0.006456964337785753,-0.005391267320353665,0.0,1.7505640063845327,1.357183940075721
2023-03-29,0.021396557125230437,0.021396557125230437,0.021798823516977484,0.0,1.7880200491485114,1.3867689532655079
2023-03-30,0.013177213851161218,0.013177213851161218,0.013194509283382283,0.0,1.811581171706305,1.405066689093276
2023-03-31,0.016359107901778264,0.016359107901778264,0.015245137317747126,0.0,1.8412170235670782,1.4264871237090953
2023-04-03,0.0027961719640502793,0.0027961719640502793,0.003288363363399771,0.0,1.8463653829881086,1.4311779317050617
2023-04-04,-0.00357960673042131,-0.00357960673042131,-0.005246188428950083,0.0,1.8397561210363473,1.4236697025999818
2023-04-05,-0.015271412157136788,-0.015271412157136788,-0.01642461706636289,0.0,1.8116604470433861,1.4002864729057944
2023-04-06,0.017727404961015065,0.017727404961015065,0.011989762850486585,0.0,1.8437764854399776,1.4170755756386793
2023-04-10,0.0020736035544874545,0.0020736035544874545,0.001458851264561023,0.0,1.8475997469138665,1.4191428781341784
2023-04-11,-0.013908653072266297,-0.013908653072266297,-0.014245437345961065,0.0,1.8219021230176344,1.3989265671787512
2023-04-12,-0.007257534169351858,-0.007257534169351858,-0.011390973865939902,0.0,1.8086796061066193,1.382991431211649
2023-04-13,0.01695486960574344,0.01695486960574344,0.019511289660892217,0.0,1.8393455329867245,1.4099753776245514
2023-04-14,0.0011851183203248998,0.0011851183203248998,0.001587688089862871,0.0,1.841525375075275,1.4122139787386059
2023-04-17,0.002180318496424749,0.002180318496424749,0.003913004828845823,0.0,1.8455404869121872,1.4177399788567737
2023-04-18,0.0062356477635543035,0.0062356477635543035,0.00929982457069678,0.0,1.8570486273219502,1.430924711947005
2023-04-19,-7.724262304272455e-05,-7.724262304272455e-05,0.005652955752112998,0.0,1.8569051840148578,1.4390136660282464
2023-04-20,-0.01663786617164161,-0.01663786617164161,-0.01565813964991436,0.0,1.826010244069791,1.416481389087441
2023-04-21,-0.000504951068108624,-0.000504951068108624,0.00046048332325998587,0.0,1.8250881982466705,1.417133655144824
2023-04-24,-0.005757321034171481,-0.005757321034171481,-0.004149081126506693,0.0,1.8145805795736867,1.4112538526425251
2023-04-25,-0.02559386968734463,-0.02559386968734463,-0.023527030114529168,0.0,1.7681384406828913,1.378051240752159
2023-04-26,0.03619857979336616,0.03619857979336616,0.02753986443941736,0.0,1.832142541113669,1.4160025851130444
2023-04-27,0.06043293124119434,0.06043293124119434,0.03712900326995516,0.0,1.9428642853248586,1.4685773497259715
2023-04-28,0.01151976751270959,0.01151976751270959,0.007222226804875165,0.0,1.9652456302005477,1.479183748426195
2023-05-01,0.016069019269221663,0.016069019269221663,0.012179510380714964,0.0,1.9968252001009938,1.4971994822451367
2023-05-02,-0.013635365797083207,-0.013635365797083207,-0.01101573503566966,0.0,1.9695977580647828,1.4807067294531824
2023-05-03,-0.009002474262425952,-0.009002474262425952,-0.008456441123082081,0.0,1.9518665049404726,1.46818522017501
2023-05-04,-0.006707629881923305,-0.006707629881923305,-0.006147806523908228,0.0,1.9387741068464088,1.4591591015001124
2023-05-05,0.018183920568943725,0.018183920568943725,0.029311886560196898,0.0,1.9740286212064289,1.5019298075565626
2023-05-08,0.004029659295397262,0.004029659295397262,0.004902554418444449,0.0,1.9819832839892535,1.5092931001707923
2023-05-09,-0.008271110240412714,-0.008271110240412714,-0.00983344359620597,0.0,1.9655900817527232,1.49445155160012
2023-05-10,0.009014690746740809,0.009014690746740809,0.012683319085917466,0.0,1.983309268474585,1.5134061574875088
2023-05-11,-0.002015339290611299,-0.002015339290611299,-0.0019722613654667986,0.0,1.9793122273803947,1.5104213249928367
2023-05-12,-0.006800419217104577,-0.006800419217104577,-0.0075648942346957515,0.0,1.9658520744726669,1.4989951474194367
2023-05-15,0.014938274315073514,0.014938274315073514,0.01086132659419059,0.0,1.9952185120239958,1.515276223278666
2023-05-16,0.005393445096391503,0.005393445096391503,0.006560978231989534,0.0,2.005979613523901,1.5252179175950487
2023-05-17,0.019283958651271416,0.019283958651271416,0.018301068665188547,0.0,2.044662841446389,1.5531310354343315
2023-05-18,0.027360034156735043,0.027360034156735043,0.028444880079833812,0.0,2.1006048866273694,1.597309661485529
2023-05-19,-0.006178646506267315,-0.006178646506267315,-0.006977785582665819,0.0,2.087625991583561,1.5861639771585625
2023-05-22,0.005672375125981473,0.005672375125981473,-6.899310370667155e-05,0.0,2.099467789330572,1.5860545427827906
2023-05-23,-0.013482634654422638,-0.013482634654422638,-0.013546952541465762,0.0,2.0711614321583,1.564568337163536
2023-05-24,0.00021668616165707987,0.00021668616165707987,0.0002949819837227974,0.0,2.0716102241792065,1.5650298566353023
2023-05-25,0.09870621793231282,0.09870621793231282,0.09930778079168667,0.0,2.276091034437847,1.7204494985704857
2023-05-26,0.02794055789904585,0.02794055789904585,0.025426190183422515,0.0,2.339686287769057,1.7641939747221127
2023-05-30,0.008899379125041684,0.008899379125041684,0.014876551564197316,0.0,2.360508043077575,1.7904390973563125
2023-05-31,-0.01896708425301404,-0.01896708425301404,-0.025450073608695223,0.0,2.315736088144605,1.7448722905367084
2023-06-01,0.031245002665151546,0.031245002665151546,0.03163882603831736,0.0,2.3880912683904714,1.8000780013960798
2023-06-02,-0.0008867476482671277,-0.0008867476482671277,-0.0011231236106213904,0.0,2.3859736340743787,1.7980562912917517
2023-06-05,-0.0022772028624974774,-0.0022772028624974774,-0.002595237021532193,0.0,2.380540288085021,1.7933899090377925
2023-06-06,-0.006973596412700714,-0.006973596412700714,-0.006300202747138939,0.0,2.363939360871742,1.7820911890061812
2023-06-07,-0.029668477226513296,-0.029668477226513296,-0.026889297857444983,0.0,2.29380487977886,1.7341720082158658
2023-06-08,0.012383113180689,0.012383113180689,0.018048886838291978,0.0,2.322209325219579,1.7654718825502875
2023-06-09,0.004284797394579949,0.004284797394579949,0.003652946983487171,0.0,2.3321595216859485,1.771921057738081
2023-06-12,0.018957137199756703,0.018957137199756703,0.018470307231686967,0.0,2.3763705897102683,1.8046489840647992
2023-06-13,0.015784617151227476,0.015784617151227476,0.017148439925274594,0.0,2.4138806896782814,1.8355958987542422
2023-06-14,0.021583671191114078,0.021583671191114078,0.02336807356870585,0.0,2.465981096778877,1.878490238758746
2023-06-15,0.0183061727412623,0.0183061727412623,0.008409322754493687,0.0,2.5111237727131988,1.8942870694676344
2023-06-16,-0.006202119943106821,-0.006202119943106821,-0.005194638856544365,0.0,2.4955494818828448,1.8844469322511281
2023-06-20,0.008496151562157252,0.008496151562157252,0.010590211287005102,0.0,2.5167520485117847,1.904403623422816
2023-06-21,-0.013386627541223401,-0.013386627541223401,-0.012734273519905859,0.0,2.4830612262247462,1.8801524267898502
2023-06-22,0.009825719708061786,0.009825719708061786,0.01111361873553074,0.0,2.507459089851587,1.9010477240258754
2023-06-23,-0.006419050727876629,-0.006419050727876629,-0.009854010032679272,0.0,2.491363582755754,1.8823147806807223
2023-06-26,-0.030686507969637636,-0.030686507969637636,-0.02632413434358294,0.0,2.4149123343182546,1.832764473517171
2023-06-27,0.026531788225439515,0.026531788225439515,0.023974327127606276,0.0,2.478984276955388,1.876703768553127
2023-06-28,-0.00681014056756753,-0.00681014056756753,-0.006574823171487609,0.0,2.462102045564532,1.8643647731296258
2023-06-29,-0.0075788635119776356,-0.0075788635119776356,-0.005432963696708981,0.0,2.4434421102086374,1.8542357469997894
2023-06-30,0.02399983994867242,0.023333173282005754,0.026570604803167308,0.6666666666666666,2.500455368370685,1.9035039122452266
2023-07-03,-0.0005985142113095567,-0.0005985142113095567,-0.0022529523318298716,0.0,2.49895881029797,1.8992154086674864
2023-07-05,0.009386435668447027,0.009386435668447027,0.001561764300570312,0.0,2.522415126408931,1.9021815354918363
2023-07-06,-0.009545108236987954,-0.009545108236987954,-0.002325788123714201,0.0,2.498338401008742,1.897757464267441
2023-07-07,0.005187575607636644,0.005187575607636644,0.0010398387210952542,0.0,2.5112987203574373,1.8997308259620338
2023-07-10,-0.0052435371179845305,-0.0052435371179845305,-0.00842718336017978,0.0,2.498130632302896,1.883721445956666
2023-07-11,0.010853322744237262,0.010853322744237262,0.004918619696243631,0.0,2.525243650312545,1.892986755362985
2023-07-12,0.02934426772434643,0.02934426772434643,0.025108154531410465,0.0,2.599345076056522,1.9405161593425522
2023-07-13,0.029059874966141853,0.029059874966141853,0.027716600843886052,0.0,2.6748817189605814,1.9943006711621605
2023-07-14,-0.00756843882314014,-0.00756843882314014,-0.004924995205877636,0.0,2.654637040311492,1.9844787499176082
2023-07-17,0.006388964140103481,0.006388964140103481,0.01286121922177097,0.0,2.671597421167033,2.0100015661612445
2023-07-18,0.00712381306078554,0.00712381306078554,0.01642700513188111,0.0,2.690629381769104,2.043019872203664
2023-07-19,0.007652416556612491,0.007652416556612491,-0.0016413913851495154,0.0,2.711219198597862,2.0396664769857398
2023-07-20,-0.03855185724514239,-0.03855185724514239,-0.02886971140141925,0.0,2.606696663093228,1.980781894440012
2023-07-21,-0.017866613598780168,-0.017866613598780168,-0.017533377859417554,0.0,2.5601238210445114,1.9460520970277022
2023-07-24,-0.0037993001335635914,-0.0037993001335635914,0.002576881754339899,0.0,2.550397142269278,1.9510668431695277
2023-07-25,0.012095660961881935,0.012095660961881935,0.015572643273943365,0.0,2.5812458814203194,1.9814501111218257
2023-07-26,0.00045479311293124703,0.00045479311293124703,-0.006991243039273343,0.0,2.5824198142699717,1.9675973118247778
2023-07-27,0.018215666147509912,0.018215666147509912,0.004791483369044114,0.0,2.629460311459428,1.977025021621362
2023-07-28,0.031190375485055766,0.031190375485055766,0.022556062913929198,0.0,2.7114741658968993,2.0216189223914656
2023-07-31,-0.003489512336969887,-0.004156179003636554,-0.002587523512932899,0.6666666666666666,2.7002047938996956,2.0163879358955876
2023-08-01,0.003133254177895709,0.003133254177895709,-0.0023100722645685856,0.0,2.708665221851356,2.0117299340502646
2023-08-02,-0.03347805863343726,-0.03347805863343726,-0.03378893704837538,0.0,2.617984368735864,1.9437557179503078
2023-08-03,-0.00019052159722610096,-0.00019052159722610096,0.0005678620090951991,0.0,2.6174855861724193,1.9448595029774933
2023-08-04,-0.0002397157940849568,-0.0002397157940849568,-0.0009379205122835854,0.0,2.616858133536624,1.943035379356141
2023-08-07,0.014121845984901514,0.014121845984901514,0.00935953975456516,0.0,2.653813001062765,1.9612212962337514
2023-08-08,-0.01375388991513234,-0.01375388991513234,-0.011445747144066098,0.0,2.6173127491908006,1.9387736531835023
2023-08-09,-0.0275743374279526,-0.0275743374279526,-0.028512240488367868,0.0,2.545142084290131,1.8834948725314227
2023-08-10,2.66252922609411e-06,2.66252922609411e-06,-0.0008180426277272224,0.0,2.545148860805315,1.8819540934365864
2023-08-11,-0.01850714258753964,-0.01850714258753964,-0.018169314120981772,0.0,2.4980454279318773,1.8477602783516696
2023-08-14,0.031818933068958666,0.031818933068958666,0.03642834511210169,0.0,2.57753056820646,1.9150711274558974
2023-08-15,-0.00543374743684133,-0.00543374743684133,-0.004971017009760548,0.0,2.563524918088088,1.9055512763064129
2023-08-16,-0.012709691133697059,-0.012709691133697059,-0.010692756025991956,0.0,2.5309433081656523,1.8851756814138507
2023-08-17,-0.015171005154100414,-0.015171005154100414,-0.010494487540529729,0.0,2.492546354192735,1.8653917287135435
2023-08-18,-0.0029183779794256606,-0.0029183779794256606,-0.0014597194624952348,0.0,2.4852721617999616,1.8626687801019628
2023-08-21,0.04175116910171353,0.04175116910171353,0.04531250816595622,0.0,2.589035180091053,1.9470709744108048
2023-08-22,-0.011263124224888251,-0.011263124224888251,-0.01214476527626962,0.0,2.5598745552350817,1.923424254450348
2023-08-23,0.022957874350729414,0.022957874350729414,0.024032834809877945,0.0,2.6186438336277984,1.9696495918268657
2023-08-24,-0.015318720509540196,-0.015318720509540196,-0.013114697586909085,0.0,2.578529560626423,1.9438182330778775
2023-08-25,-0.006409864985725228,-0.006409864985725228,-0.006953914960380669,0.0,2.5620015342811064,1.9303010863866166
2023-08-28,0.012218675278192462,0.012218675278192462,0.011807905904487992,0.0,2.5933057990907185,1.9530938999820007
2023-08-29,0.027598613873111907,0.027598613873111907,0.029404243236826444,0.0,2.664877444494725,2.0105231480814334
2023-08-30,0.00043259710028746134,0.00043259710028746134,0.00703798797770161,0.0,2.666030262749835,2.0246731858265212
2023-08-31,0.0004639580256018776,-0.00020270864106478905,0.002689631940444137,0.6666666666666666,2.6654898353782355,2.030118811496081
2023-09-01,-0.00489599268971741,-0.00489599268971741,-0.005665153280759783,0.0,2.6524396166297075,2.0186178772508017
2023-09-05,0.0024566164940578164,0.0024566164940578164,0.00396744285464723,0.0,2.6589556435414123,2.0266266283241636
2023-09-06,-0.01590964469991037,-0.01590964469991037,-0.02216191952158897,0.0,2.616652603979847,1.9817126920869343
2023-09-07,-0.0002332784820511611,-0.0002332784820511611,-0.013116911723086266,0.0,2.6160421952323354,1.9557187416443105
2023-09-08,-0.004774270135132318,-0.004774270135132318,-0.003683463500411932,0.0,2.603552503107392,1.9485149230423922
2023-09-11,0.01968237356380361,0.01968237356380361,0.006306508890569162,0.0,2.6547965960665274,1.9608032497279657
2023-09-12,-0.013022888748117595,-0.013022888748117595,-0.012703137948923304,0.0,2.6202234753470717,1.9358948955559743
2023-09-13,0.01686976235302895,0.01686976235302895,0.009904535658732838,0.0,2.6644260226880045,1.9550690355805673
2023-09-14,0.007681628501148137,0.007681628501148137,0.006388591177540537,0.0,2.684893153563085,1.9675591723727601
2023-09-15,-0.03446748634646646,-0.03446748634646646,-0.02853840212819736,0.0,2.592351635450928,1.9114081775005631
2023-09-18,0.0020139432834638997,0.0020139432834638997,0.003668250553226171,0.0,2.597572484615521,1.9184197016051205
2023-09-19,-0.006200983909511181,-0.006200983909511181,-0.004019097869841559,0.0,2.581464979434631,1.9107093850689374
2023-09-20,-0.021379350172564683,-0.021379350172564683,-0.024183819367039172,0.0,2.526274935681086,1.8645011344375237
2023-09-21,-0.028710614354089316,-0.028710614354089316,-0.020363775276992846,0.0,2.4537440302503444,1.8265328523321398
2023-09-22,0.008053937568186027,0.008053937568186027,0.006952444946687342,0.0,2.4735063314782897,1.8392317214312948
2023-09-25,0.012403466278751404,0.012403466278751404,0.01015042256861598,0.0,2.5041863838510587,1.8579007006054253
2023-09-26,-0.0179602015280124,-0.0179602015280124,-0.014732380944791013,0.0,2.4592106917333894,1.8305293997265122
2023-09-27,0.0030697282198215436,0.0030697282198215436,0.003975819136102565,0.0,2.4667598001922904,1.8378072535431431
2023-09-28,0.011837790761983769,0.011837790761983769,0.009789047470357692,0.0,2.4959607865670397,1.8557976359894446
2023-09-29,0.002075768089654077,0.002075768089654077,0.005037714289509054,0.0,2.5011418223208235,1.8651466142587056
2023-10-02,0.02330690383868535,0.02330690383868535,0.023249971867551844,0.0,2.559435694260569,1.9085112205690802
2023-10-03,-0.028008670667588127,-0.028008670667588127,-0.02387689739191101,0.0,2.487749302805155,1.8629418939842415
2023-10-04,0.015246873564587203,0.015246873564587203,0.013127543483995696,0.0,2.5256797018854154,1.887397744705677
2023-10-05,0.0013054795361136329,0.0013054795361136329,0.006934536222689136,0.0,2.5289769250510044,1.9004859727329602
2023-10-06,0.024940236147491374,0.024940236147491374,0.02320410995582778,0.0,2.5920502067733326,1.944585058213764
2023-10-09,0.00031582873353138297,0.00031582873353138297,-0.0005646978847670958,0.0,2.592868850707388,1.943486955144641
2023-10-10,0.01067983532453239,0.01067983532453239,0.0059770937949621405,0.0,2.6205602630510523,1.955103358964826
2023-10-11,0.019579940634594818,0.019579940634594818,0.017127392885600168,0.0,2.67187067743097,1.988589182325773
2023-10-12,-0.001467382030209833,-0.001467382030209833,0.00042919795984386333,0.0,2.6679500224118633,1.9894426807457948
2023-10-13,-0.02667332288307648,-0.02667332288307648,-0.0229874423943921,0.0,2.5967869300281605,1.9437104817252058
2023-10-16,0.01857985526921594,0.01857985526921594,0.012987749408072125,0.0,2.6450348553530754,1.968954906383696
2023-10-17,-0.01535614169416329,-0.01535614169416329,-0.022077047687114715,0.0,2.6044173253282725,1.9254861950216846
2023-10-18,-0.028916390278191,-0.028916390278191,-0.02448783526786802,0.0,2.529106977501798,1.8783352062674397
2023-10-19,-0.004422832186852317,-0.004422832186852317,-0.002261153588571374,0.0,2.51792116175771,1.8740880018752482
2023-10-20,-0.018471184601767776,-0.018471184601767776,-0.01626246701826628,0.0,2.471412175166186,1.8436107075554233
2023-10-23,0.02228005057247821,0.02228005057247821,0.021088455060231714,0.0,2.526475363414327,1.8824896091102679
2023-10-24,0.009054073811356218,0.009054073811356218,0.008730942211957915,0.0,2.5493502578372533,1.898925517102021
2023-10-25,-0.04685916475385139,-0.04685916475385139,-0.025923622518160716,0.0,2.429889834089984,1.849698488806565
2023-10-26,-0.029031935967626245,-0.029031935967626245,-0.03216207219177036,0.0,2.3593454280182975,1.7902083524765597
2023-10-27,0.03390149204491544,0.03390149204491544,0.013799090036933359,0.0,2.4393307582774675,1.814911598717254
2023-10-30,0.025070937909716852,0.025070937909716852,0.01926008795385381,0.0,2.5004870682595044,1.8498669557370178
2023-10-31,-0.0036619188715657502,-0.0036619188715657502,-0.0032915151636162543,0.0,2.4913304874761386,1.8437780906015366
2023-11-01,0.034127692056322045,0.034127692056322045,0.03070618329856467,0.0,2.5763538471632508,1.900393478613425
2023-11-02,0.01085682026129157,0.01085682026129157,0.016872593122006174,0.0,2.604324857811389,1.9324580445497832
2023-11-03,0.016764149745641665,0.016764149745641665,0.01793974766409545,0.0,2.6479841497140364,1.9671258542404577
2023-11-06,0.009538476450893747,0.009538476450893747,0.01280157319053643,0.0,2.6732418841684233,1.9923081598385135
2023-11-07,0.011758627968299072,0.011758627968299072,0.009526894101805627,0.0,2.7046755409536347,2.011288668695458
2023-11-08,0.0040220046101969355,0.0040220046101969355,0.00815017272975882,0.0,2.715553758448437,2.0276810187547327
2023-11-09,2.139022317948502e-05,2.139022317948502e-05,0.0011821299433401045,0.0,2.7156118447493864,2.0300780012025452
2023-11-10,0.02539858837482341,0.02539858837482341,0.02637519960656176,0.0,2.784584552179971,2.0836217137011523
2023-11-13,0.00013903550229488177,0.00013903550229488177,-0.0007630550026598293,0.0,2.7849717082918652,2.082031795728862
2023-11-14,0.021816326637405698,0.021816326637405698,0.018216058103951438,0.0,2.845729560755894,2.1199582078941335
2023-11-15,-0.014667883402043612,-0.014667883402043612,-0.009145564973801479,0.0,2.803988731364978,2.100569992362094
2023-11-16,0.004657938880509582,0.004657938880509582,0.010328746695102309,0.0,2.817049539497314,2.1222662477285352
2023-11-17,0.005106230440298194,0.005106230440298194,-0.0029211937428048618,0.0,2.831434043607723,2.1160666968451047
2023-11-20,0.014598232654589038,0.014598232654589038,0.0175341109208067,0.0,2.8727679765224323,2.153170045023412
2023-11-21,-0.0110933289917949,-0.0110933289917949,-0.009250718153176796,0.0,2.840899416241776,2.1332516758010374
2023-11-22,0.0027744836639674135,0.0027744836639674135,-0.004684669452479806,0.0,2.8487814452631133,2.123258096840961
2023-11-24,-0.009545726935470103,-0.009545726935470103,-0.010969436887661721,0.0,2.8215877554877977,2.0999671511514473
2023-11-27,0.0020211967020060304,0.0020211967020060304,0.0038640794644388965,0.0,2.8272907393536104,2.108081591096208
2023-11-28,-0.0002159217555777193,-0.0002159217555777193,-7.881996721470497e-05,0.0,2.8266802657736405,2.1079154321743117
2023-11-29,-0.006062752333983975,-0.006062752333983975,-0.002884267692783382,0.0,2.809542803394895,2.1018356397941718
2023-11-30,-0.01507737410202096,-0.01507737410202096,-0.013788574258920439,0.0,2.7671822754924698,2.072854322994824
2023-12-01,-0.0002649037605096569,-0.0002649037605096569,-0.001299515925600736,0.0,2.766449238501676,2.070160615790642
2023-12-04,-0.01883623641596003,-0.01883623641596003,-0.018911585023095312,0.0,2.714339746612506,2.031010597293654
2023-12-05,0.01065740768995867,0.01065740768995867,0.015911331308892107,0.0,2.7432675719012143,2.063326679799064
2023-12-06,-0.013844859737492277,-0.013844859737492277,-0.014341275144946652,0.0,2.705287417145831,2.0337359441701564
2023-12-07,0.023047519324447926,0.023047519324447926,0.018072593952933147,0.0,2.7676375811706855,2.0704908280966285
2023-12-08,0.014022447319850917,0.014022447319850917,0.013911821083832931,0.0,2.806446633353091,2.099295126052826
2023-12-11,-0.017110250478861645,-0.017110250478861645,-0.015360229454081331,0.0,2.7584276285008618,2.06704947122482
2023-12-12,0.020157604806021613,0.020157604806021613,0.016720672669886305,0.0,2.8140309225221936,2.1016119288256316
2023-12-13,0.0066070769229197674,0.0066070769229197674,0.007855814879269563,0.0,2.8326234412907727,2.1181218030865505
2023-12-14,-0.002927382294007759,-0.002927382294007759,-0.0029701922056952768,0.0,2.824331269583147,2.1118305742163095
2023-12-15,0.011239594260669708,0.011239594260669708,0.008808068220350407,0.0,2.856075607110984,2.1304317219838285
2023-12-18,0.02685990579537408,0.02685990579537408,0.01594161707031927,0.0,2.9327895288624504,2.1643942486901557
2023-12-19,0.001797789447777716,0.001797789447777716,-0.0009856455765950844,0.0,2.938062066929992,2.1622609230729264
2023-12-20,-0.014680024528643289,-0.014680024528643289,-0.01752197259809829,0.0,2.8949312437207837,2.1243738464289037
2023-12-21,0.014449451238598641,0.014449451238598641,0.011875026954346835,0.0,2.9367614115660228,2.1496008431163562
2023-12-22,-0.002657658007724143,-0.002657658007724143,-0.0023888085809953274,0.0,2.928956504083799,2.144465858176605
2023-12-26,0.004401587027466106,0.004401587027466106,0.004024406235572986,0.0,2.9418485610361866,2.1530960599482243
2023-12-27,0.0035996876022400164,0.0035996876022400164,0.0020819492084913627,0.0,2.952438296829016,2.1575786965860395
2023-12-28,0.00125164707732169,0.00125164707732169,0.0020696898154870524,0.0,2.9561337075942142,2.1620442152404755
2023-12-29,-0.0071855061372742,-0.0071855061372742,-0.0030113923593669822,0.0,2.9348923906956927,2.155533451810087
2024-01-02,-0.020746476312210604,-0.020746476312210604,-0.02441214076654996,0.0,2.8740037152332376,2.1029122657574915
2024-01-03,-0.009143020394227947,-0.009143020394227947,-0.008341818017566172,0.0,2.847726640651773,2.0853701543296346
2024-01-04,-0.0031855112004654336,-0.0031855112004654336,-0.0009159619262842922,0.0,2.8386551755421134,2.083460034666059
2024-01-05,0.01381527533768967,0.01381527533768967,0.011436051365480093,0.0,2.8778719783809854,2.107286590640425
2024-01-08,0.0366409162117615,0.0366409162117615,0.04043562439130022,0.0,2.9833198444090194,2.1924960397043844
2024-01-09,0.009590058161325186,0.009590058161325186,0.00864757551290829,0.0,3.0119300552307373,2.2114558147694803
2024-01-10,0.024947889382667045,0.024947889382667045,0.020426955161032323,0.0,3.087071353076964,2.2566291235383806
2024-01-11,0.005319134777370856,0.005319134777370856,0.004803630463530606,0.0,3.103491901671341,2.2674691359411
2024-01-12,0.0024622439765394906,0.0024622439765394906,0.0024152893368105666,0.0,3.11113345591247,2.2729457299666853
2024-01-16,0.0007821819009730105,0.0007821819009730105,0.009509959332785423,0.0,3.1135669281931966,2.2945613514242966
2024-01-17,-0.00427531552553706,-0.00427531552553706,-0.004342145617976967,0.0,3.1002554471652934,2.2845980319070303
2024-01-18,0.017222770053111125,0.017222770053111125,0.019330906585102614,0.0,3.1536504338377265,2.3287613830463343
2024-01-19,0.024398133512349908,0.024398133512349908,0.027314170392093384,0.0,3.23059361817378,2.392369568265389
2024-01-22,-0.0017401091198461227,-0.0017401091198461227,0.0014042556016307106,0.0,3.224972032756279,2.3957290666327964
2024-01-23,0.0068802406969624315,0.0068802406969624315,0.005546410097466037,0.0,3.2471606165826143,2.4090167625187613
2024-01-24,0.014865169253197509,0.014865169253197509,0.01491222913224477,0.0,3.295430208740432,2.4449405724648594
2024-01-25,0.005371071364204634,0.005371071364204634,0.003917251992270776,0.0,3.3131301995673326,2.454518020793331
2024-01-26,0.0005385458952252471,0.0005385458952252471,-0.00525343520396826,0.0,3.314914472236656,2.4416233694141205
2024-01-29,0.01813368766950455,0.01813368766950455,0.016271342091958907,0.0,3.3750260959273164,2.481351858517579
2024-01-30,-0.003820561780164026,-0.003820561780164026,-0.002420153465587105,0.0,3.3621316002181603,2.4753466062178466
2024-01-31,-0.022853587278118516,-0.023520253944785182,-0.021923664279362765,0.6666666666666666,3.283053411185242,2.4210779382480667
2024-02-01,0.01728907066748449,0.01728907066748449,0.019879297953121933,0.0,3.3398143536163496,2.4692072679502304
2024-02-02,0.09043712328763227,0.09043712328763227,0.058247729899009615,0.0,3.641857556072155,2.613032985958467
2024-02-05,0.0005329305232154198,0.0005329305232154198,0.016710901850875093,0.0,3.6437984131249883,2.656699123719918
2024-02-06,-0.008866362886878512,-0.008866362886878512,-0.00871997364601318,0.0,3.61149117410759,2.633532777375694
2024-02-07,0.02710328348803307,0.02710328348803307,0.021927137475032055,0.0,3.709374443213958,2.6912786126302137
2024-02-08,-0.0018385658726434904,-0.0018385658726434904,-0.004175660688649496,0.0,3.7025545139538085,2.6800407463252505
2024-02-09,0.01577120042425917,0.01577120042425917,0.02216007456277569,0.0,3.7609482432751196,2.739430649095095
2024-02-12,-0.0030989321481400176,-0.0030989321481400176,-0.0030915740321152407,0.0,3.7492933198565432,2.730961496437572
2024-02-13,-0.013971399727849072,-0.013971399727849072,-0.00986037523655059,0.0,3.696910444187873,2.704033191326126
2024-02-14,0.0209447140402977,0.0209447140402977,0.01814223985434471,0.0,3.774341176273978,2.7530904100572737
2024-02-15,-0.0004159622686996274,-0.0004159622686996274,-0.007263621917908414,0.0,3.772771192755448,2.733093002212798
2024-02-16,-0.009631688333147204,-0.009631688333147204,-0.005548924520144105,0.0,3.7364330364745517,2.717927275436985
2024-02-20,-0.016664035678180644,-0.016664035678180644,-0.024563493174847295,0.0,3.674168983045607,2.6511654873570576
2024-02-21,-0.012285492687047001,-0.012285492687047001,-0.014031037514046885,0.0,3.629030006873425,2.613966884948004
2024-02-22,0.07540940433989059,0.07540940433989059,0.09351716146199962,0.0,3.902692998023339,2.858417648184007
2024-02-23,-0.0013166398394906704,-0.0013166398394906704,-0.0002621734692439537,0.0,3.89755455694084,2.8576682469126347
2024-02-26,-0.002688460618213299,-0.002688460618213299,-0.0008333035663760091,0.0,3.887076135007167,2.855286941770963
2024-02-27,0.00197716297731787,0.00197716297731787,-0.0006769039082096251,0.0,3.8947615180313195,2.853354186881018
2024-02-28,-0.006273732805537372,-0.006273732805537372,-0.008611492139854904,0.0,3.870326824925902,2.82878254972847
2024-02-29,0.015266899313119085,0.014600232646452419,0.014647189479549905,0.6666666666666666,3.926834496987626,2.8702162637307875
2024-03-01,0.024373974604762205,0.024373974604762205,0.024761496948906503,0.0,4.022547061294307,2.941287114987859
2024-03-04,0.008059134079169101,0.008059134079169101,0.014442123004712482,0.0,4.054965307401045,2.98376554529469
2024-03-05,-0.008968545201756346,-0.008968545201756346,-0.006304659485911079,0.0,4.018598167750065,2.964953919545813
2024-03-06,0.013432666694119355,0.013432666694119355,0.017899958905879476,0.0,4.07257865751505,3.0180264728635096
2024-03-07,0.032092377864790356,0.032092377864790356,0.03272691429217489,0.0,4.203277390676104,3.1167971665724283
2024-03-08,-0.025324565752319006,-0.025324565752319006,-0.03322152076683138,0.0,4.096831216020691,3.013252424777141
2024-03-11,-0.027855324990559833,-0.027855324990559833,-0.017556945422728898,0.0,3.982712651066964,2.9603489164104233
2024-03-12,0.04164488352126964,0.04164488352126964,0.04893704421265421,0.0,4.148572255519335,3.105219642217683
2024-03-13,-0.004281693696389792,-0.004281693696389792,-0.008183660368308532,0.0,4.130809339843861,3.079807579296773
2024-03-14,-0.009178184263568239,-0.009178184263568239,-0.013639668259453286,0.0,4.092896010565105,3.0378000256122153
2024-03-15,-0.013719093732185604,-0.013719093732185604,-0.007638205951892019,0.0,4.036745186560074,3.014596683375926
2024-03-18,0.011328582351943487,0.011328582351943487,0.00827444585803927,0.0,4.082475786839831,3.039540800416345
2024-03-19,0.005770037120127099,0.005770037120127099,0.00911237428070466,0.0,4.106031823671917,3.0672382338312114
2024-03-20,0.014129045033684912,0.014129045033684912,0.012197087796966155,0.0,4.164046132218321,3.104649607863462
2024-03-21,0.005397877231177867,0.005397877231177867,0.0038589228954379884,0.0,4.1865231420249955,3.116630211317559
2024-03-22,0.012946474962571028,0.012946474962571028,0.018415020154540773,0.0,4.240723859063446,3.174023019473222
2024-03-25,-0.00020513499654210322,-0.00020513499654210322,0.0002123020890223426,0.0,4.239853938189281,3.174696871190861
2024-03-26,-0.015904865784591896,-0.015904865784591896,-0.017938765374632792,0.0,4.1724196303561065,3.1177467288829877
2024-03-27,-0.006826573821298031,-0.006826573821298031,-0.01174912713382581,0.0,4.143936299736048,3.081115926194272
2024-03-28,-0.004177663262380116,-0.004177663262380116,-0.0026208863622649847,0.0,4.126624329294997,3.073040671482752
2024-04-01,0.005077001604057995,0.005077001604057995,0.0021232170674141404,0.0,4.147575207634173,3.0795654038853018
2024-04-02,0.00020776147251233557,0.00020776147251233557,-0.005930786831061741,0.0,4.148436913966666,3.0613011579425455
2024-04-03,0.007634156149351848,0.007634156149351848,0.0002965578769063004,0.0,4.180106729143623,3.0622090109145157
2024-04-04,-0.013115938103398356,-0.013115938103398356,-0.02016205918041092,0.0,4.125280708018576,3.00046857161367
2024-04-05,0.028261827411503182,0.028261827411503182,0.02275512987334727,0.0,4.241868679412601,3.068744623641636
2024-04-08,-0.008211678388029128,-0.008211678388029128,-0.008433591110486138,0.0,4.2070358180530105,3.0428640862633394
2024-04-09,-0.007450414658011513,-0.007450414658011513,-0.010126069347059952,0.0,4.175691656727409,3.0120518335121584
2024-04-10,0.00897271172650697,0.00897271172650697,0.009237337585253025,0.0,4.213158934222005,3.0398751731225904
2024-04-11,0.021391180382877534,0.021391180382877534,0.030534697458135973,0.0,4.3032833769656795,3.1326968418443872
2024-04-12,-0.021261683759223916,-0.021261683759223916,-0.01968647261382095,0.0,4.2117883266783105,3.0710250912600143
2024-04-15,-0.020353394410424865,-0.020353394410424865,-0.022609022677509527,0.0,4.126064137692204,3.001592215328516
2024-04-16,0.00462288197491123,0.00462288197491123,0.006845499600907301,0.0,4.145138445221669,3.0221396136406335
2024-04-17,-0.020326541181965193,-0.020326541181965193,-0.025240382145913287,0.0,4.060882117909923,2.9458596548940412
2024-04-18,0.003881532013694011,0.003881532013694011,0.002020844261517274,0.0,4.076644561854428,2.951812778472869
2024-04-19,-0.05565609543370335,-0.05565609543370335,-0.06482604148617666,0.0,3.8497544430705704,2.7604584408361608
2024-04-22,0.019934618730613456,0.019934618730613456,0.025350052273171553,0.0,3.9264978300996676,2.830436206609275
2024-04-23,0.02646548232244298,0.02646548232244298,0.027509050599385354,0.0,4.030414489011282,2.908298819435222
2024-04-24,-0.018329216082932365,-0.018329216082932365,-0.017909731930878525,0.0,3.9565401509384124,2.856211967204247
2024-04-25,-0.02835372864413173,-0.02835372864413173,0.0009029952942554154,0.0,3.8443574851290925,2.8587911131700285
2024-04-26,0.03344780678313778,0.03344780678313778,0.03905960732629166,0.0,3.972942811497,2.970454371478342
2024-04-29,-0.005452976672984167,-0.005452976672984167,-0.0007856183493777369,0.0,3.9512784470228066,2.9681207280181194
2024-04-30,-0.018013034668431478,-0.018013034668431478,-0.018262244824847618,0.0,3.8801039313719587,2.913916180613348
2024-05-01,0.0016419432191285468,0.0016419432191285468,-0.01635580517338453,0.0,3.886474841711589,2.866256735271663
2024-05-02,0.02368474121555386,0.02368474121555386,0.025034457926085496,0.0,3.9785249925782886,2.938011918916181
2024-05-03,0.021991057739440135,0.021991057739440135,0.032325813448024654,0.0,4.066016965407884,3.0329855441151383
2024-05-06,0.027156465943752796,0.027156465943752796,0.026713765056719296,0.0,4.176435616655704,3.114008007361056
2024-05-07,-0.0037991998060126946,-0.0037991998060126946,-0.009884865992672687,0.0,4.160568503271081,3.083226455508182
2024-05-08,0.0012391055410203577,0.0012391055410203577,0.0005391443496987058,0.0,4.165723886757279,3.084888759630511
2024-05-09,-0.0014900166413662395,-0.0014900166413662395,-0.007139087270719213,0.0,4.159516888842673,3.0628654695550477
2024-05-10,0.0012417122357297379,0.0012417122357297379,0.006342948130250381,0.0,4.164681811858274,3.0822930663583703
2024-05-13,-0.005418576136365575,-0.005418576136365575,0.0024095120876153064,0.0,4.142115166376983,3.089719888759334
2024-05-14,0.007157139252800629,0.007157139252800629,0.008682879459581683,0.0,4.171760861423881,3.1165475541173033
2024-05-15,0.0168668383563005,0.0168668383563005,0.025640136035226746,0.0,4.242125277534658,3.1964562573651243
2024-05-16,-0.01093657870479218,-0.01093657870479218,-0.00517546743769659,0.0,4.195730940561312,3.1799131020891096
2024-05-17,-0.0056287474871701635,-0.0056287474871701635,-0.011303680579112685,0.0,4.172114230572785,3.143968380113759
2024-05-20,0.0040317618550626735,0.0040317618550626735,0.014958714458752853,0.0,4.188935201582573,3.1909981053792285
2024-05-21,-0.0015702257411223106,-0.0015702257411223106,0.004355694239962515,0.0,4.182357627701155,3.20489711744656
2024-05-22,0.0006998138858362866,0.0006998138858362866,-0.0022081850824650084,0.0,4.1852844996445535,3.197820111440979
2024-05-23,0.02585434864503855,0.02585434864503855,0.04743902349734497,0.0,4.293492304277039,3.3495215748479104
2024-05-24,0.01692450006799706,0.01692450006799706,0.02061784718657389,0.0,4.366157515072721,3.418581498826257
2024-05-28,0.02703486925031743,0.02703486925031743,0.04204359674989244,0.0,4.484196012619003,3.5623109608195507
2024-05-29,-0.0013955107050050244,-0.0013955107050050244,0.0034594736617072908,0.0,4.477938269080052,3.574634681763317
2024-05-30,-0.022636568036714835,-0.022636568036714835,-0.02899131615695516,0.0,4.376573114787813,3.4710013175587
2024-05-31,-0.008125976627661605,-0.008125976627661605,-0.00515181400186171,0.0,4.3410091839477944,3.4531193643704206
2024-06-03,0.02751921057651393,0.02751921057651393,0.03302372842054013,0.0,4.4604703297954345,3.5671542404630974
2024-06-04,0.0056852775584265896,0.0056852775584265896,0.008751199786121155,0.0,4.485829341661448,3.598371119889299
2024-06-05,0.03341883634239595,0.03341883634239595,0.039212487355112735,0.0,4.63574053829035,3.739472201926961
2024-06-06,0.002039191208165499,0.002039191208165499,-0.006882310599499397,0.0,4.645193699639368,3.713735992755106
2024-06-07,-0.002104318885865042,-0.002104318885865042,0.00010043591340758162,0.0,4.635418730808715,3.714108985221693
2024-06-10,0.013997436145442316,0.013997436145442316,0.006714404390447903,0.0,4.7003027085005975,3.7390470148986674
2024-06-11,0.0011514747653846489,0.0011514747653846489,0.005219884955331766,0.0,4.705714988459105,3.758564410159015
2024-06-12,0.01212154354766378,0.01212154354766378,0.027031691779866973,0.0,4.762755517614607,3.860164764829211
2024-06-13,0.00317835383952055,0.00317835383952055,0.020338725042368333,0.0,4.777893239900714,3.9386755945993106
2024-06-14,0.005900435414797456,0.005900435414797456,0.010346992592821902,0.0,4.8060848903815465,3.9794290418021583
2024-06-17,8.429354034052605e-05,8.429354034052605e-05,-0.00015930415543008447,0.0,4.806490012292134,3.9787951022195602
2024-06-18,0.004745095987185793,0.004745095987185793,0.018365029834131796,0.0,4.829297268761909,4.05186579297572
2024-06-20,-0.00432732199448634,-0.00432732199448634,-0.023282223528129586,0.0,4.808399344472883,3.9575293478776774
2024-06-21,-0.009990599193234787,-0.009990599193234787,-0.020557927662323117,0.0,4.760360553861242,3.8761707458224874
2024-06-24,-0.025685635500495036,-0.025685635500495036,-0.041775453030231335,0.0,4.638087667823827,3.7142419568932232
2024-06-25,0.031714890523609096,0.031714890523609096,0.0447253120031581,0.0,4.785184110447761,3.880362587270493
2024-06-26,0.015469569741416963,0.015469569741416963,0.006782065160184869,0.0,4.8592088497698525,3.906679459182505
2024-06-27,0.005127974438638032,0.005127974438638032,-0.008385993314401374,0.0,4.884126748543476,3.8739180713562913
2024-06-28,-0.018801440082490406,-0.018801440082490406,-0.010094717808938225,0.0,4.792298132125447,3.8348119616110035
2024-07-01,0.009168001885642449,0.009168001885642449,0.01079971863611795,0.0,4.836233930437333,3.8762268518188217
2024-07-02,0.0035452932759442906,0.0035452932759442906,-0.0036364675805978797,0.0,4.853379798071806,3.8621310785371397
2024-07-03,0.011528438700079321,0.011528438700079321,0.027784307395964936,0.0,4.90933168956208,3.969437715626725
2024-07-05,0.017276097194747247,0.017276097194747247,-0.0008814283855764771,0.0,4.994145780992207,3.965938940549394
2024-07-08,-0.001443208817073197,-0.001443208817073197,0.009340039025111935,0.0,4.986938185767331,4.002980965025336
2024-07-09,0.008780204885771765,0.008780204885771765,0.013885377547216304,0.0,5.030724524791046,4.058563867039033
2024-07-10,0.012658347374296497,0.012658347374296497,0.021202372811245596,0.0,5.094405183370244,4.144615051226245
2024-07-11,-0.04017263953224507,-0.04017263953224507,-0.04521151187648387,0.0,4.889749480307511,3.9572307386142764
2024-07-12,-0.005134373233163124,-0.005134373233163124,0.006999803120570469,0.0,4.864643681458947,3.984930574687246
2024-07-15,-0.006907672358247518,-0.006907672358247518,-0.002921757057121943,0.0,4.83104031676781,3.9732875756585124
2024-07-16,-0.009158834552124628,-0.009158834552124628,-0.011989732296915134,0.0,4.78679361779189,3.9256489212877077
2024-07-17,-0.04978961787076922,-0.04978961787076922,-0.05198703934112969,0.0,4.548460992735795,3.7215660563772603
2024-07-18,0.011343914454538603,0.011343914454538603,0.013975041894008333,0.0,4.600058345137196,3.773575097926452
2024-07-19,-0.009164887289051479,-0.009164887289051479,-0.01664237320255102,0.0,4.557899328880953,3.710773852838907
2024-07-22,0.022218796008880028,0.022218796008880028,0.03203716358207798,0.0,4.65917036429837,3.829656521778405
2024-07-23,0.005367212424835953,0.005367212424835953,-0.0021154440934278984,0.0,4.684177121367059,3.821555097509551
2024-07-24,-0.051358320808785655,-0.051358320808785655,-0.05623648334612463,0.0,4.4436056500427155,3.6066442779121575
2024-07-25,-0.013234074092107823,-0.013234074092107823,-0.015890367457404686,0.0,4.384798643633941,3.549333375047987
2024-07-26,0.016262393446127822,0.016262393446127822,0.010043424866346351,0.0,4.4561059643587635,3.584980838125897
2024-07-29,-0.003048301423945928,-0.003048301423945928,-0.006937925035516823,0.0,4.442522410202354,3.560108509817215
2024-07-30,-0.02799356788605748,-0.02799356788605748,-0.04358908849268328,0.0,4.318160357527023,3.404926624939238
2024-07-31,0.06075111068843686,0.06008444402177019,0.07891879298834725,0.6666666666666666,4.577614621805883,3.6736393243933296
2024-08-01,-0.011747480681502182,-0.011747480681502182,-0.03854284699875543,0.0,4.523839182468856,3.5320468059846264
2024-08-02,-0.010060654193916774,-0.010060654193916774,-0.01996125868480081,0.0,4.4783264008251455,3.461542706003543
2024-08-05,-0.04572254926904325,-0.04572254926904325,-0.0523676854684918,0.0,4.273565901320561,3.2802697263397973
2024-08-06,0.022224905627279523,0.022224905627279523,0.02683994581079041,0.0,4.36854550016937,3.3683119880395336
2024-08-07,-0.01639608852439341,-0.01639608852439341,-0.02972933194798555,0.0,4.296918441425753,3.2681743228427274
2024-08-08,0.04008650785324759,0.04008650785324759,0.044594651579545674,0.0,4.46916689627273,3.4139174180711165
2024-08-09,0.00920420298905659,0.00920420298905659,0.003727770652359741,0.0,4.510302015577997,3.4266437192317816
2024-08-12,0.014792865927629998,0.014792865927629998,0.024177708684406607,0.0,4.577022308587561,3.5094921128406193
2024-08-13,0.035634559170067304,0.035634559170067304,0.04653852612664533,0.0,4.740122480865643,3.672818703225308
2024-08-14,0.005123276639520576,0.005123276639520576,0.010574787294480581,0.0,4.764407439640328,3.711657979783106
2024-08-15,0.024692554191730512,0.024692554191730512,0.032039191738267414,0.0,4.88205282853513,3.830576501464247
2024-08-16,0.0004916914182617749,0.0004916914182617749,0.006260103983714238,0.0,4.884453292014421,3.8545563086809858
2024-08-19,0.015441690205092673,0.015441690205092673,0.028057934825071795,0.0,4.959877506570953,3.962707198369526
2024-08-20,-0.007742427761336822,-0.007742427761336822,-0.012275186845656871,0.0,4.921476013271247,3.9140642270949106
2024-08-21,0.008447331830925126,0.008447331830925126,0.00790898744993096,0.0,4.963049354253288,3.945020511945228
2024-08-22,-0.017112730013919105,-0.017112730013919105,-0.027842683628045872,0.0,4.878118030608196,3.8351805539249852
2024-08-23,0.01613283639662418,0.01613283639662418,0.028721577554317257,0.0,4.9568159107194205,3.945332989639351
2024-08-26,-0.011341595359677418,-0.011341595359677418,-0.016490121035530048,0.0,4.90059771038763,3.8802739711147285
2024-08-27,0.004805112975565592,0.004805112975565592,0.00828870589873798,0.0,4.92414563603384,3.9124364208678264
2024-08-28,-0.010729684145114177,-0.010729684145114177,-0.01580896623922623,0.0,4.8713111086746546,3.850584845577208
2024-08-29,-0.015497358218727589,-0.015497358218727589,-0.03631572292889551,0.0,4.795818655428657,3.710748073211022
2024-08-30,0.005887450696899591,0.005887450696899591,0.012582102593318378,0.0,4.824053801313764,3.7574370861661213
2024-09-03,-0.046924860291304445,-0.046924860291304445,-0.06522341960516564,0.0,4.597685750649379,3.5123641904550973
2024-09-04,-0.007759314507513918,-0.007759314507513918,-0.011671668242657085,0.0,4.562010860903376,3.4713690408767164
2024-09-05,0.008126163077724808,0.008126163077724808,0.008743645465251193,0.0,4.599082505121428,3.5017214610491916
2024-09-06,-0.02665568934970108,-0.02665568934970108,-0.03252038310155003,0.0,4.476490790571266,3.3878441376209523
2024-09-09,0.014946954363115179,0.014946954363115179,0.024106965092909993,0.0,4.54340069412484,3.4695147779868005
2024-09-10,0.003895994200486437,0.003895994200486437,0.012419477794546774,0.0,4.561101756879636,3.5126043397298594
2024-09-11,0.03567667299411677,0.03567667299411677,0.0547180651551169,0.0,4.723826692752722,3.7048072528553444
2024-09-12,0.015519790142164128,0.015519790142164128,0.01634890510665632,0.0,4.797139491692198,3.7653767950707286
2024-09-13,-0.0011375054423611677,-0.0011375054423611677,0.0002491253519119052,0.0,4.791682719412632,3.7663148458898816
2024-09-16,-0.009925806339902178,-0.009925806339902178,-0.013219792908934047,0.0,4.744121404697487,3.7165249435973737
2024-09-17,-0.0007722929202691093,-0.0007722929202691093,-0.00344604039681351,0.0,4.740457553323742,3.703717648505972
2024-09-18,0.0006077049807907315,0.0006077049807907315,-0.010288333888672674,0.0,4.743338352990123,3.665612564708773
2024-09-19,0.03869145774232644,0.03869145774232644,0.03543227603550392,0.0,4.926865028432397,3.795493560940746
2024-09-20,-0.004922651406995512,-0.004922651406995512,-0.009519432935649386,0.0,4.902611789368107,3.7593626145296812
2024-09-23,3.714427004649257e-05,3.714427004649257e-05,0.0013555439636050437,0.0,4.902793893304344,3.7644585958288093
2024-09-24,0.013904358206483945,0.013904358206483945,0.022238701756678525,0.0,4.97096409580941,3.848175267816811
2024-09-25,0.008761244188644546,0.008761244188644546,0.013791423990003215,0.0,5.014515926105781,3.9012470845231166
2024-09-26,0.002848085234258798,0.002848085234258798,0.0023896283263173945,0.0,5.028797694871878,3.910569615064256
2024-09-27,-0.006980660727673115,-0.006980660727673115,-0.014605485439067145,0.0,4.993693364295873,3.8534538474929767
2024-09-30,0.010718427191973134,0.010718427191973134,0.00390850975816881,0.0,5.047217903040118,3.8685151094585564
2024-10-01,-0.01955435911442275,-0.01955435911442275,-0.02716114014598614,0.0,4.9485227916353285,3.7634418284136877
2024-10-02,0.003994313869861081,0.003994313869861081,0.007731815790207541,0.0,4.968288744857281,3.792540067368144
2024-10-03,0.01538309158425529,0.01538309158425529,0.020354756553424336,0.0,5.044716385636445,3.8697362971585303
2024-10-04,0.014818757936000033,0.014818757936000033,0.014725060537587709,0.0,5.119472816610964,3.92671839839869
2024-10-07,-0.006281134535880787,-0.006281134535880787,0.005199260682693163,0.0,5.087316719097046,3.9471344309794922
2024-10-08,0.02425054348431247,0.02425054348431247,0.030314659351098783,0.0,5.21068691441198,4.066790466667629
2024-10-09,0.003626039657499561,0.003626039657499561,0.0016565423433967386,0.0,5.229581071806452,4.073527277277386
2024-10-10,0.0009309515137998865,0.0009309515137998865,0.008544433791445094,0.0,5.234449558221789,4.108333261395728
2024-10-11,0.0013010706227123787,0.0013010706227123787,0.001218263166829825,0.0,5.241259946768062,4.113338292485149
2024-10-14,0.013844857080967499,0.013844857080967499,0.017174602497433078,0.0,5.313824441655265,4.183983242596051
2024-10-15,-0.014288146800859028,-0.014288146800859028,-0.028885445336997773,0.0,5.237899737958902,4.063127023351129
2024-10-16,0.0020949972590685144,0.0020949972590685144,0.015434366217884854,0.0,5.248873123553201,4.125838813819314
2024-10-17,0.003584819135127463,0.003584819135127463,0.0060857234795244075,0.0,5.267689384364371,4.150947527961307
2024-10-18,0.006431157257439406,0.006431157257439406,0.006904709383160901,0.0,5.301566723178563,4.17960861430663
2024-10-21,0.01513407435396067,0.01513407435396067,0.02642940191231924,0.0,5.381801028159631,4.290073170210332
2024-10-22,0.0028176585460631585,0.0028176585460631585,0.0027006978317816177,0.0,5.396965105819836,4.301659361519303
2024-10-23,-0.027055367238775548,-0.027055367238775548,-0.02551231347561922,0.0,5.250948232907024,4.191914079422891
2024-10-24,0.004174325996364173,0.004174325996364173,0.005051361697023138,0.0,5.27286740262121,4.2130889536408995
2024-10-25,0.007108333593649262,0.007108333593649262,0.007737143876354713,0.0,5.31034870311412,4.2456862290391
2024-10-28,0.003319437833345207,0.003319437833345207,-0.002926770908030951,0.0,5.327976075507493,4.23326007809932
2024-10-29,0.010834578015051461,0.010834578015051461,0.008216963217832829,0.0,5.385702447959907,4.268044620452582
2024-10-30,-0.010431631743725559,-0.010431631743725559,-0.009645726605236438,0.0,5.329520783341508,4.226876228904747
2024-10-31,-0.03545264334441234,-0.03545264334441234,-0.04402756219411186,0.0,5.140575183813068,4.04077717284983
2024-11-01,0.0019552940521174737,0.0019552940521174737,0.015446748457868642,0.0,5.15062651989444,4.103194041413139
2024-11-04,-0.0035540250288156323,-0.0035540250288156323,0.0001883755597400505,0.0,5.132321064328654,4.103966982887412
2024-11-05,0.018604861825641583,0.018604861825641583,0.02260276670602468,0.0,5.227807188575318,4.196727991170844
2024-11-06,0.012269864475109582,0.012269864475109582,0.02965131482452943,0.0,5.291951674281141,4.321166494069966
2024-11-07,0.026059911359310517,0.026059911359310517,0.022119205072131276,0.0,5.4298594658306625,4.416747261903122
2024-11-08,-0.0045242633370889225,-0.0045242633370889225,-0.007086914898421948,0.0,5.40529335172386,4.385446149930177
2024-11-11,-0.012850537115173586,-0.012850537115173586,-0.013960627920078239,0.0,5.335832428889131,4.324222567967462
2024-11-12,0.00789608432844117,0.00789608432844117,0.015324735429820713,0.0,5.3779646117100715,4.390490134761223
2024-11-13,-0.005964713614846333,-0.005964713614846333,-0.00717731795383314,0.0,5.345886592970443,4.358978191090874
2024-11-14,0.004074485921650495,0.004074485921650495,0.0026156875084411,0.0,5.367668332632242,4.370379915894878
2024-11-15,-0.028889340342388582,-0.028889340342388582,-0.031589520018823425,0.0,5.212599935325768,4.232321712051853
2024-11-18,0.0003701216025673298,0.0003701216025673298,-0.006823849295137574,0.0,5.214529231167373,4.203440986520272
2024-11-19,0.020718316288277805,0.020718316288277805,0.03358585226091826,0.0,5.322565497073168,4.34461713448103
2024-11-20,0.0011436444286285394,0.0011436444286285394,-0.004784791812970646,0.0,5.328652619449906,4.323829045985473
2024-11-21,-0.0003488955860858254,-0.0003488955860858254,0.001014986582315025,0.0,5.326793476071195,4.3282176744513725
2024-11-22,-0.011096024386483863,-0.011096024386483863,-0.0201293347086553,0.0,5.267687245758946,4.2410935321904235
2024-11-25,-0.006015815683763821,-0.006015815683763821,-0.022227589618854404,0.0,5.2359978102087466,4.146824245621717
2024-11-26,0.010312874614547551,0.010312874614547551,0.01093364357681792,0.0,5.289995999107475,4.192164143899052
2024-11-27,-0.006553319283974105,-0.006553319283974105,-0.009850758517891411,0.0,5.255328966314378,4.150868147250139
2024-11-29,0.013570767358881481,0.013570767358881481,0.016111444446466283,0.0,5.326647813110622,4.217744628809166
2024-12-02,0.014833636123062764,0.014833636123062764,0.008861952053873523,0.0,5.405661368526013,4.255122079485155
2024-12-03,0.019883095641761196,0.019883095641761196,0.013361443279461094,0.0,5.513142650523389,4.311976651797379
2024-12-04,0.012162690978564001,0.012162690978564001,0.02442097819452549,0.0,5.580197300902446,4.417279339586226
2024-12-05,-0.002753570002896444,-0.002753570002896444,0.0007233087814844108,0.0,5.564831837004437,4.420474396522819
2024-12-06,0.00182873362483027,0.00182873362483027,-0.006564102684758599,0.0,5.575008432101294,4.391457948668696
2024-12-09,-0.008578507384968199,-0.008578507384968199,-0.015445171486214937,0.0,5.5271831810952525,4.3236311275770065
2024-12-10,-0.004479452762220097,-0.004479452762220097,-0.01578012900322634,0.0,5.5024244251273995,4.255403670621476
2024-12-11,0.015932426830738144,0.015932426830738144,0.023633715301085934,0.0,5.590091399672408,4.35597466946414
2024-12-12,-0.0037215898147503106,-0.0037215898147503106,-0.008480770378594182,0.0,5.569287372455864,4.3190326485174415
2024-12-13,-0.01278795173446116,-0.01278795173446116,-0.0163374943257254,0.0,5.4980675943415545,4.248470477129665
2024-12-16,0.0006833419165873287,0.0006833419165873287,-0.005210329083595977,0.0,5.501824654388998,4.226334547841877
2024-12-17,-0.00338892042407816,-0.00338892042407816,-0.00682735397022971,0.0,5.483179408448042,4.19747986588715
2024-12-18,-0.022897208064518004,-0.022897208064518004,-0.020684151777800364,0.0,5.357629908677727,4.110658555256879
2024-12-19,0.006010806708713197,0.006010806708713197,0.009406905019384126,0.0,5.38983358647561,4.149327129853299
2024-12-20,0.010749938199658894,0.010749938199658894,0.01892258522929202,0.0,5.447773964436669,4.227843126112162
2024-12-23,0.021636222843121795,0.021636222843121795,0.02502611345016814,0.0,5.565643215930177,4.333649607835758
2024-12-24,0.009528592265846273,0.009528592265846273,0.00726621494657409,0.0,5.61867596083195,4.365138837389429
2024-12-26,-0.0020440866652072787,-0.0020440866652072787,-0.002553269355942689,0.0,5.607190900224293,4.353993462161487
2024-12-27,-0.01332570282383516,-0.01332570282383516,-0.017564911424111984,0.0,5.532471140611391,4.277515952657458
2024-12-30,-0.008015948540888274,-0.008015948540888274,-0.0030710254045878127,0.0,5.488123136644301,4.264379592498317
2024-12-31,-0.013341210353754424,-0.01400787702042109,-0.017411053899852424,0.6666666666666666,5.41124618267326,4.190132249563898
2025-01-02,0.00033228770894433435,0.00033228770894433435,0.017241426408163285,0.0,5.4130442732698345,4.262376106385226
2025-01-03,0.008337598522742407,0.008337598522742407,0.03040660085185687,0.0,5.458176063206189,4.391980475332573
2025-01-06,0.021428094368222794,0.021428094368222794,0.028697824090157642,0.0,5.575134374966946,4.518020758421073
2025-01-07,-0.018361776083733274,-0.018361776083733274,-0.044982256942811105,0.0,5.472765005937078,4.314789987792822
2025-01-08,-0.0031636727105355993,-0.0031636727105355993,-0.0007063226033343639,0.0,5.455450968636621,4.311742354095803
2025-01-10,-0.010016210252023854,-0.010016210252023854,-0.022343176569964207,0.0,5.4008080247151495,4.215404333354048
2025-01-13,-0.008254383918627612,-0.008254383918627612,-0.015120262131988471,0.0,5.356227681808345,4.151666314841415
2025-01-14,-0.010375927780694405,-0.010375927780694405,-0.010481961773397885,0.0,5.300651850204946,4.108148707233344
2025-01-15,0.027944016478764468,0.027944016478764468,0.03152281644296728,0.0,5.448773352855267,4.237649124851874
2025-01-16,-0.020625013766107814,-0.020625013766107814,-0.018592564038068526,0.0,5.3363923274442255,4.1588603621272
2025-01-17,0.01128934047683298,0.01128934047683298,0.02258361732137426,0.0,5.396636677346703,4.252782473038513
2025-01-21,-0.0015939605111151929,-0.0015939605111151929,0.012510506451185677,0.0,5.388034651590177,4.3059869356029505
2025-01-22,0.0118009788684487,0.0118009788684487,0.03464944115684987,0.0,5.451618734656062,4.455186976550289
2025-01-23,0.007251636231158949,0.007251636231158949,0.0030954577805992756,0.0,5.491151890590759,4.468977819740876
2025-01-24,0.0036634375808444935,0.0036634375808444935,-0.01864278811086395,0.0,5.511268382788874,4.3856636131752955
2025-01-27,0.017780927947667353,0.017780927947667353,-0.10097279404736181,0.0,5.6092638488035,3.942830904401138
2025-01-28,0.023346140571014543,0.023346140571014543,0.06181218607417982,0.0,5.740218511117576,4.186545901923008
2025-01-29,0.0010949655646708132,0.0010949655646708132,-0.0244726968218425,0.0,5.746503852720936,4.084089833334519
2025-01-30,-0.0007029224345934297,-0.0007029224345934297,-0.0019462105277929798,0.0,5.7424645062423805,4.076141334704431
2025-01-31,0.0031456745623237676,0.0031456745623237676,-0.020607281139123246,0.0,5.760528430764714,3.992143144257376
2025-02-03,-0.0076451540503094835,-0.0076451540503094835,-0.01950327595759127,0.0,5.716488303500331,3.914283274852718
2025-02-04,0.016733486326427533,0.016733486326427533,0.015207546302005381,0.0,5.812145082362136,3.973809918994206
2025-02-05,-0.008261555128696047,-0.008261555128696047,0.02773064184092444,0.0,5.764127725348221,4.084006218601748
2025-02-06,0.008196786758779995,0.008196786758779995,0.02100391168607607,0.0,5.811375051163272,4.1697863245426445
2025-02-07,-0.020315396519760772,-0.020315396519760772,-0.0012621378264563443,0.0,5.693314662673845,4.164523479494199
2025-02-10,0.007543454605575558,0.007543454605575558,0.019414104618325823,0.0,5.736261923386982,4.245373974010573
2025-02-11,0.007849049217117637,0.007849049217117637,-0.0010165377334236947,0.0,5.7812861255459245,4.241058391173497
2025-02-12,0.0031892237466904696,0.0031892237466904696,-0.006134187715032491,0.0,5.799723940543927,4.215042942891625
2025-02-13,0.010115689894434935,0.010115689894434935,0.02213665847429458,0.0,5.8583921493998,4.308349908972902
2025-02-14,0.005502102595057493,0.005502102595057493,0.017493031796556258,0.0,5.890625624047877,4.383716010921256
2025-02-18,-0.01232170185811195,-0.01232170185811195,-0.0016563425451356917,0.0,5.818043091350605,4.376455075586574
2025-02-19,-0.00534684503341006,-0.00534684503341006,-0.001652860823957658,0.0,5.7869349165434505,4.3692214044443265
2025-02-20,-0.008438404292008372,-0.008438404292008372,0.0020388237574755497,0.0,5.7381024201061175,4.378129476845379
2025-02-21,-0.015217894163987111,-0.015217894163987111,-0.030343178217520972,0.0,5.650780584774824,4.2452831138700775
2025-02-24,-0.011371600611421099,-0.011371600611421099,-0.022805189878551846,0.0,5.586522164821993,4.148468626370061
2025-02-25,-0.005243335462135919,-0.005243335462135919,-0.020152884833858242,0.0,5.557230155045173,4.064865015905951
2025-02-26,0.001627475917156099,0.001627475917156099,0.022537420365102534,0.0,5.566274413288603,4.156476587496823
2025-02-27,-0.020616978924780385,-0.020616978924780385,-0.05844534542604629,0.0,5.451514651020288,3.9135498775852975
2025-02-28,0.01707405882151088,0.01707405882151088,0.02959612145449131,0.0,5.544594132838136,4.0293757750805215
2025-03-03,-0.023211344572806415,-0.023211344572806415,-0.059774167139293954,0.0,5.41589664790447,3.788523194033836
2025-03-04,-0.012582810633928854,-0.012582810633928854,0.0050379498675485745,0.0,5.347749445970957,3.8076095839574235
2025-03-05,0.01576799221350792,0.01576799221350792,0.01465607417378667,0.0,5.432072717594819,3.8634141924447247
2025-03-06,-0.02732586717987373,-0.02732586717987373,-0.042569175242419655,0.0,5.283636620002407,3.698951836652494
2025-03-07,0.001684276890574043,0.001684276890574043,0.010823048412252456,0.0,5.292535727059668,3.738985771455174
2025-03-10,-0.0387811976150203,-0.0387811976150203,-0.04588224015659603,0.0,5.087284853144012,3.567432728347172
2025-03-11,-0.0019138174560541224,-0.0019138174560541224,0.008353142350619791,0.0,5.077548718588145,3.597232001753316
2025-03-12,0.005695480751423157,0.005695480751423157,0.039307766862635374,0.0,5.106467799579277,3.7386311586290466
2025-03-13,-0.035153863276679055,-0.035153863276679055,-0.013620611417437867,0.0,4.926955728726103,3.687708716384235
2025-03-14,0.022913402547064976,0.022913402547064976,0.04105970116995272,0.0,5.039849048669972,3.8391249342808016
2025-03-17,-0.004406429280866023,-0.004406429280866023,-0.011527367699725621,0.0,5.017641310250768,3.794869929518162
2025-03-18,-0.019433901263021986,-0.019433901263021986,-0.028154777912059337,0.0,4.920128964454094,3.688026209447426
2025-03-19,0.009671639483259368,0.009671639483259368,0.014531396093129922,0.0,4.967714678009437,3.741618379098751
2025-03-20,-0.001664078849414145,-0.001664078849414145,0.004458474047757122,0.0,4.959448009083838,3.7583002875385736
2025-03-21,0.014477158722043654,0.014477158722043654,0.0017505125596126714,0.0,5.031246725085068,3.764879239394706
2025-03-24,0.028368307269172645,0.028368307269172645,0.027503787854716855,0.0,5.1739746781293,3.868427679293646
2025-03-25,0.012596740771793217,0.012596740771793217,0.000866036772428469,0.0,5.2391498959095175,3.871777879915394
2025-03-26,-0.018887620004322054,-0.018887620004322054,-0.04093584856092369,0.0,5.140194823529895,3.7132833669616434
2025-03-27,-0.0007107511068460783,-0.0007107511068460783,-0.012199481456940497,0.0,5.136541424369667,3.6679832353820294
2025-03-28,-0.0374569348253471,-0.0374569348253471,-0.024028563847232287,0.0,4.944142327009357,3.5798468660200746
2025-03-31,0.0019963615775959362,0.0019963615775959362,-0.00644737654279115,0.0,4.954012622785164,3.5567662453093125
2025-04-01,0.01051214690440827,0.01051214690440827,0.014751878142239994,0.0,5.006089931242175,3.609235227540548
2025-04-02,0.006528699254518896,0.006528699254518896,0.002665377131562785,0.0,5.03877318684433,3.6188552005784653
2025-04-03,-0.09060997579520857,-0.09060997579520857,-0.07621956511034356,0.0,4.58221007034682,3.3430276309930695
2025-04-04,-0.05500073518210816,-0.05500073518210816,-0.0641251278581586,0.0,4.330185147718885,3.128655556722282
2025-04-07,0.0036673418093826245,0.0036673418093826245,0.019836353045654675,0.0,4.346065416753483,3.1907166729036742
2025-04-08,-0.029099907092612304,-0.029099907092612304,-0.01773035717213678,0.0,4.219595316907541,3.134144126658
2025-04-09,0.1402049711362608,0.1402049711362608,0.1639803285619672,0.0,4.811203556521264,3.648082110307939
2025-04-10,-0.05383103470505856,-0.05383103470505856,-0.054037613977327204,0.0,4.552211490897066,3.450948457473525
2025-04-11,0.018585582575478855,0.018585582575478855,0.025539443246920035,0.0,4.636816993462177,3.5390837597512164
2025-04-14,-0.00502101315222155,-0.00502101315222155,-0.002659293130414908,0.0,4.613535474353559,3.529672298620947
2025-04-15,-0.011502805507046555,-0.011502805507046555,0.00403101847094578,0.0,4.56046687309221,3.5439004728530734
2025-04-16,-0.03501901787603612,-0.03501901787603612,-0.05563739415165847,0.0,4.4007638021403235,3.346727085410698
2025-04-17,0.0008103517248672831,0.0008103517248672831,-0.01738751263735483,0.0,4.404329968678121,3.288535825919342
2025-04-21,-0.02786025507704555,-0.02786025507704555,-0.03733334651973386,0.0,4.281624212307273,3.1657637783877357
2025-04-22,0.033772173660551255,0.033772173660551255,0.024561753965042676,0.0,4.426223968754535,3.2435204894239393
2025-04-23,0.035711649748776754,0.035711649748776754,0.03530513244367972,0.0,4.584291728836337,3.3580334098868403
2025-04-24,0.025357585342887862,0.025357585342887862,0.03229250416616547,0.0,4.700538297586999,3.466472717765734
2025-04-25,0.014661728778811407,0.014661728778811407,0.03093621075317765,0.0,4.769456315220635,3.5737122483326753
2025-04-28,0.0005990280594269462,0.0005990280594269462,-0.011699257451215583,0.0,4.772313353381664,3.531902468682869
2025-04-29,0.003996545107730473,0.003996545107730473,0.003909751501844694,0.0,4.7913861189666775,3.545711329664171
2025-04-30,-0.006517777785649622,-0.007184444452316289,-0.0017538877495157923,0.6666666666666666,4.756962671545362,3.5394925499997534
2025-05-01,0.0499573440117731,0.0499573440117731,0.03072707344441028,0.0,4.994607892178917,3.648250797539539
2025-05-02,0.02180891907619357,0.02180891907619357,0.018812644594593753,0.0,5.103534891516765,3.716884043185593
2025-05-05,-0.0044312965505973,-0.0044312965505973,-0.007330524621931289,0.0,5.080919614956134,3.6896373331901575
2025-05-06,-0.011235167336494507,-0.011235167336494507,-0.005448244515559808,0.0,5.023834632858824,3.6695352868251994
2025-05-07,0.012088936408358212,0.012088936408358212,0.0202775640922479,0.0,5.084567450261562,3.7439445237925626
2025-05-08,0.010330460680674817,0.010330460680674817,0.004905714371914893,0.0,5.137093374384729,3.762311246250584
2025-05-09,-0.0009502258954436162,-0.0009502258954436162,-0.0037645841283852066,0.0,5.132211975233076,3.7481477090469038
2025-05-12,0.061308806206464686,0.061308806206464686,0.056521458895014476,0.0,5.446861764633138,3.959998485716241
2025-05-13,0.012926116253007842,0.012926116253007842,0.03828673274669803,0.0,5.51726853301685,4.111613889416188
2025-05-14,0.0027458812661947203,0.0027458812661947203,0.02582581650515059,0.0,5.532418297322226,4.217799675264279
2025-05-15,-0.015127584328656053,-0.015127584328656053,-0.006872991923176475,0.0,5.448726172988085,4.18881077216261
2025-05-16,-0.0003117023355146964,-0.0003117023355146964,0.0022187890164626634,0.0,5.447027792314384,4.198104859495925
2025-05-19,0.004346419141200153,0.004346419141200153,0.0009260042547076797,0.0,5.470702858173548,4.201992322457527
2025-05-20,-0.00562098793468894,-0.00562098793468894,-0.007663922963866976,0.0,5.439952103413487,4.169788577003452
2025-05-21,-0.009729916656371351,-0.009729916656371351,-0.016476324855907776,0.0,5.387021822832621,4.10108578582829
2025-05-22,0.005529534090741158,0.005529534090741158,0.00578815969608204,0.0,5.41680954364954,4.124823525283996
2025-05-23,-0.011872480999856456,-0.011872480999856456,-0.013544259812737547,0.0,5.35249857526272,4.068955843775858
2025-05-27,0.024236068436390402,0.024236068436390402,0.02907205874192309,0.0,5.48222209703847,4.187248767084401
2025-05-28,-0.0038588724570149573,-0.0038588724570149573,-0.003981715327090796,0.0,5.461066901184969,4.170576334490159
2025-05-29,0.0033190779393216605,0.0033190779393216605,0.020531982880038324,0.0,5.479192607861852,4.256206536389803
2025-05-30,0.0013635684341843923,0.0013635684341843923,-0.016970456065686812,0.0,5.486663861946749,4.1839767703575115
2025-06-02,0.015884063222569855,0.015884063222569855,0.015877923114289816,0.0,5.5738143776109,4.250409631829223
2025-06-03,-0.0028069353348952144,-0.0028069353348952144,0.016997625396384164,0.0,5.558169041084238,4.322656502532239
2025-06-04,0.013658077166296632,0.013658077166296632,0.007382631433859865,0.0,5.6340829427506876,4.354569082305613
2025-06-05,0.0022181535046747283,0.0022181535046747283,-0.008869073877276978,0.0,5.646580203575779,4.315948087410938
2025-06-06,0.017372229380839672,0.017372229380839672,0.01374998876082989,0.0,5.744673890089605,4.375292325105163
2025-06-09,0.005257828215857518,0.005257828215857518,0.003714073010290697,0.0,5.774878398559818,4.391542480241968
2025-06-10,0.0036829477751590955,0.0036829477751590955,0.0075240822473334745,0.0,5.796146974109609,4.424584807055967
2025-06-11,-0.009471778370252851,-0.009471778370252851,-0.00883490368920703,0.0,5.7412471545694315,4.385494026420899
2025-06-12,0.004096030495328805,0.004096030495328805,0.01086106045776436,0.0,5.764763477995768,4.433125142179021
2025-06-13,-0.0095467725958203,-0.0095467725958203,-0.017219152820399874,0.0,5.709728592002652,4.356790482883883
2025-06-16,0.018880270412212852,0.018880270412212852,0.01841294173891539,0.0,5.817529811800005,4.4370118122138855
2025-06-17,-0.005061220790819793,-0.005061220790819793,-0.005132451578610642,0.0,5.788086008965309,4.414239063933974
2025-06-18,-0.0027328642339215685,-0.0027328642339215685,0.00582319232305073,0.0,5.7722679557285455,4.439944026963185
2025-06-20,-0.012839371467553798,-0.012839371467553798,-0.00886552742389668,0.0,5.698155663234689,4.4005815814315765
2025-06-23,0.011969492122225273,0.011969492122225273,0.006149018635361436,0.0,5.76635969255699,4.427640839582228
2025-06-24,0.016217604137300185,0.016217604137300185,0.02002069621759439,0.0,5.859876231364163,4.516285291792118
2025-06-25,-0.00140037607534745,-0.00140037607534745,0.027021291245677093,0.0,5.8516702008852635,4.638321152010201
2025-06-26,0.0197629461568,0.0197629461568,0.008170676036720836,0.0,5.96731644399271,4.676219371497546
2025-06-27,0.01193744792630106,0.01193744792630106,0.013689067595218152,0.0,6.038550973302633,4.740232454564045
2025-06-30,-0.0028222379319476176,-0.003488904598614284,0.002646893729452371,0.6666666666666666,6.017483045042911,4.752779346124177
2025-07-01,-0.02200907676327838,-0.02200907676327838,-0.021585762625522142,0.0,5.885043798782836,4.650186979347256
2025-07-02,0.005319934982543608,0.005319934982543608,0.016660954797041105,0.0,5.916351849161782,4.7276635344079505
2025-07-03,0.012231889637447663,0.012231889637447663,0.012325955918460307,0.0,5.988720012037038,4.785936506730375
2025-07-07,-0.0033555712875772046,-0.0033555712875772046,-0.006133081949848629,0.0,5.9686244351153075,4.756583965927826
2025-07-08,0.004047307119202389,0.004047307119202389,0.006078186349064207,0.0,5.9927812912833955,4.785495369657706
2025-07-09,0.016225900111696962,0.016225900111696962,0.016145929560418937,0.0,6.090019561907006,4.862761640807911
2025-07-10,-0.0013672345141193163,-0.0013672345141193163,0.0038473824953111357,0.0,6.081693076970305,4.8814705448236255
2025-07-11,-0.0015711290944977847,-0.0015711290944977847,0.002197965739899166,0.0,6.0721379520332714,4.892199849841475
2025-07-14,-0.00033248969586707755,-0.00033248969586707755,-0.0036264996390417137,0.0,6.0701190287323366,4.874458288851905
2025-07-15,0.010456571446674372,0.010456571446674372,0.024950217094463545,0.0,6.133591662046094,4.996077081376667
2025-07-16,-0.0023333415527960013,-0.0023333415527960013,0.0009148894597410528,0.0,6.1192798977531595,5.000647939638472
2025-07-17,0.006467523346077068,0.006467523346077068,0.007282257785795165,0.0,6.158856483353059,5.037063947030925
2025-07-18,-0.0008477474003641219,-0.0008477474003641219,-0.001085622069096015,0.0,6.153635328780081,5.03159559924658
2025-07-21,0.0021280968158754092,0.0021280968158754092,-0.0012019329255681388,0.0,6.1667308605293165,5.025547958827701
2025-07-22,-0.015406128087586974,-0.015406128087586974,-0.018340984106891778,0.0,6.071725415010326,4.93337446358642
2025-07-23,0.012027242343695269,0.012027242343695269,0.016014427894466055,0.0,6.14475152802103,5.012379633209925
2025-07-24,0.009648595130588392,0.009648595130588392,0.01321707102662395,0.0,6.20403974769297,5.078628610834463
2025-07-25,0.00039731907972684333,0.00039731907972684333,-0.0008078227232988233,0.0,6.2065047310561114,5.074525979239436
2025-07-28,0.007774122947065216,0.007774122947065216,0.013038704227317233,0.0,6.254754861906883,5.140691222576576
2025-07-29,-0.010482014833160283,-0.010482014833160283,-0.008749476257028599,0.0,6.189192428666594,5.095712866779927
2025-07-30,0.0052958627263568845,0.0052958627263568845,0.012290423913298376,0.0,6.221969542155819,5.158341338053101
2025-07-31,0.048064165988813246,0.048064165988813246,0.011296311155232441,0.0,6.5210233190073374,5.216611566852647
2025-08-01,-0.023741871695375522,-0.023741871695375522,-0.027049263199081408,0.0,6.366202020044913,5.075506067573477
2025-08-04,0.031098522762673067,0.031098522762673067,0.029418311187155988,0.0,6.564181498477054,5.224818884501652
2025-08-05,-0.013675199848517504,-0.013675199848517504,-0.009443229869195324,0.0,6.474415004643439,5.175479718750391
2025-08-06,0.004118617359755087,0.004118617359755087,0.010945960870631266,0.0,6.501080642675823,5.232130317238578
2025-08-07,-0.004482270783408052,-0.004482270783408052,0.005247454202068846,0.0,6.471941038850577,5.259585681457543
2025-08-08,0.007595161668078053,0.007595161668078053,0.011620153202755557,0.0,6.521096477346917,5.3207028728590995
2025-08-11,-0.0028262323469606665,-0.0028262323469606665,-0.0038625469136042145,0.0,6.502666343544988,5.300151408399333
2025-08-12,0.017288445616272886,0.017288445616272886,0.009911485160801536,0.0,6.615087336986134,5.352683780433684
2025-08-13,-0.012497293910304148,-0.012497293910304148,-0.006598943641267452,0.0,6.532416646293487,5.3173617218370755
2025-08-14,0.0028818699017961373,0.0028818699017961373,0.0035237321117060905,0.0,6.551242221212432,5.336098680085869
2025-08-15,-0.0030277029640106328,-0.0030277029640106328,-0.005962680277807109,0.0,6.531407005721315,5.304281229725689
2025-08-18,-0.006667275254897631,-0.006667275254897631,0.0021548450767903127,0.0,6.487860317412404,5.315711134019474
2025-08-19,-0.023293438642451182,-0.023293438642451182,-0.027374661941249046,0.0,6.336735741187965,5.170195338748357
2025-08-20,-0.0047715351280657545,-0.0047715351280657545,-0.0049843936733363625,0.0,6.306499784001617,5.144425049811987
2025-08-21,-0.005070082703460543,-0.005070082703460543,-0.0038757424705179178,0.0,6.274525308527373,5.124486583160034
2025-08-22,0.01478674161559031,0.01478674161559031,0.01690724706180502,0.0,6.367305093025049,5.211127543886426
2025-08-25,0.0007985943749061475,0.0007985943749061475,0.0053527311886527595,0.0,6.372389987055651,5.239021308818634
2025-08-26,0.0025200167300917604,0.0025200167300917604,0.0077423985717854915,0.0,6.388448516433701,5.2795838999175855
2025-08-27,-0.00016154824326090455,-0.00016154824326090455,-0.0001783682629363792,0.0,6.387416473798708,5.27864218970833
2025-08-28,0.0009463095811376907,0.0009463095811376907,-0.002646677645663731,0.0,6.393460947206581,5.264671325425372
2025-08-29,-0.018518983545500262,-0.018518983545500262,-0.02472727761549154,0.0,6.275060549126463,5.134490336007261
2025-09-02,-0.009159476852041399,-0.009159476852041399,-0.01519863387724385,0.0,6.217584277281581,5.05645309724404
2025-09-03,0.0007191699521255461,0.0007191699521255461,0.0032692879937048502,0.0,6.2220557770686105,5.072984098645591
2025-09-04,0.009006163334962883,0.009006163334962883,0.009129823808557536,0.0,6.27809262767614,5.119299549649839
2025-09-05,-0.015829097353329158,-0.015829097353329158,-0.019990698294327647,0.0,6.178716088279437,5.016961176874502
2025-09-08,0.00466294112630002,0.00466294112630002,0.005672438013863079,0.0,6.2075270776352065,5.04541957816828
2025-09-09,0.010929950052516846,0.010929950052516846,0.010572308624957616,0.0,6.275375038543405,5.098761311091079
2025-09-10,0.008163142400317198,0.008163142400317198,0.017782449503359166,0.0,6.326601818598431,5.1894297766352375
2025-09-11,-0.0003343796809697208,-0.0003343796809697208,0.0005320095686289772,0.0,6.324486331500705,5.192190602932135
2025-09-12,0.009219651309342028,0.009219651309342028,0.0058992715754140335,0.0,6.382795890187842,5.222820745370145
2025-09-15,0.00745700775121901,0.00745700775121901,0.003965449444856883,0.0,6.4303924486154225,5.243531576995459
2025-09-16,-0.0032364693069789983,-0.0032364693069789983,-0.008247172155639082,0.0,6.409580680823649,5.200287269376448
2025-09-17,-0.00951067432441699,-0.00951067432441699,-0.01727162215414435,0.0,6.34862124641226,5.110469872566771
2025-09-18,0.012567314317527483,0.012567314317527483,0.02188239342097309,0.0,6.428406365098857,5.222299184884307
2025-09-19,0.006229305744832048,0.006229305744832048,0.006013163135813571,0.0,6.468450873799081,5.253701721827043
2025-09-22,0.005414313091456273,0.005414313091456273,0.025357861538976012,0.0,6.503473092046534,5.386924362656213
2025-09-23,-0.0170381061285099,-0.0170381061285099,-0.022821728551501885,0.0,6.392666227300336,5.263985437124201
2025-09-24,0.00019576203028648376,0.00019576203028648376,-0.005173169497915575,0.0,6.393917668619937,5.236753948223398
2025-09-25,-0.005831493479878583,-0.005831493479878583,0.0014023612260307683,0.0,6.3566315794245,5.24409776891065
2025-09-26,0.0015536891776486428,0.0015536891776486428,0.0017551568178246768,0.0,6.366507809115751,5.253301982863093
2025-09-29,0.008736218073877885,0.008736218073877885,0.013922942345078848,0.0,6.422127009705233,5.326443403491784
2025-09-30,0.006795642989073202,0.006795642989073202,0.015541829201340285,0.0,6.465769492093674,5.40922607711946
2025-10-01,-0.005422630292311751,-0.005422630292311751,0.0006810396513237116,0.0,6.430708014582742,5.412909974560952
2025-10-02,0.004903177311816664,0.004903177311816664,0.007455018230190902,0.0,6.462238916218762,5.453263317099686
2025-10-03,-0.00876086877090132,-0.00876086877090132,-0.006856238682933058,0.0,6.405624089107558,5.415874442196767
2025-10-06,0.0059262457896365195,0.0059262457896365195,-0.004552192787702469,0.0,6.443585391895626,5.391220337621896
2025-10-07,-0.0049946270713984164,-0.0049946270713984164,-0.002870494229398779,0.0,6.411402085860397,5.375744870753335
2025-10-08,0.010110353692450575,0.010110353692450575,0.016559059847801816,0.0,6.47622362861296,5.464762151794654
2025-10-09,0.011819249915295149,0.011819249915295149,0.012943957895590108,0.0,6.552767734186876,5.535497802996898
2025-10-10,-0.03640780689967341,-0.03640780689967341,-0.043955066150820676,0.0,6.31419583186219,5.292184630888446
2025-10-13,0.01632170455676977,0.01632170455676977,0.02234632326375685,0.0,6.417254270743432,5.4104454994217654
2025-10-14,-0.01826833942661943,-0.01826833942661943,-0.030910955836998655,0.0,6.300021691538568,5.243203457530651
2025-10-15,0.0037251473243097295,0.0037251473243097295,0.0009809416229191736,0.0,6.323490200485895,5.248346734039576
2025-10-16,-5.7162056847766436e-05,-5.7162056847766436e-05,0.0049871293450785,0.0,6.323128736779578,5.274520918050052
2025-10-17,0.006139056111294616,0.006139056111294616,0.007600224828487878,0.0,6.361946778893608,5.314608462889795
2025-10-20,0.008118710226264573,0.008118710226264573,0.005276402621873455,0.0,6.413597581266362,5.342650476917617
2025-10-21,-0.0016391203274810735,-0.0016391203274810735,-0.003402201293973728,0.0,6.403084923098626,5.3244737045517985
2025-10-22,0.0002989193650337525,0.0002989193650337525,-0.00509326751112249,0.0,6.404998929178096,5.297354735618579
2025-10-23,0.0037569647708928975,0.0037569647708928975,0.007964046073932307,0.0,6.429062284512624,5.339543112803009
2025-10-24,0.011435664578925309,0.011435664578925309,0.01766143697361655,0.0,6.50258288435533,5.433847116957687
2025-10-27,0.020020287657381543,0.020020287657381543,0.024278277145104665,0.0,6.63276646421609,5.5657715632273135
2025-10-28,0.02349808939302633,0.02349808939302633,0.035009433071645724,0.0,6.788623803515307,5.760626070262189
2025-10-29,0.00974754911987341,0.00974754911987341,0.020128710341131617,0.0,6.854796247496414,5.8765800438140685
2025-10-30,-0.0541829752569772,-0.0541829752569772,-0.028631573045115877,0.0,6.483382992026695,5.708324313034136
2025-10-31,-0.014760125780270934,-0.016093459113604266,-0.0008834902367046427,1.3333333333333333,6.3790429329266765,5.703281064235626
2025-11-03,0.01894789951736453,0.01894789951736453,0.014651105895645555,0.0,6.4999123974367246,5.786840439060373
2025-11-04,-0.018111185412030273,-0.018111185412030273,-0.029346482745067126,0.0,6.382191278844794,5.617017025967031
2025-11-05,-0.004538267693324956,-0.004538267693324956,-0.011562993161496893,0.0,6.3532271863513925,5.552067496507762
2025-11-06,-0.02217060104300313,-0.02217060104300313,-0.030315465180852375,0.0,6.212372321067234,5.383753987635639
2025-11-07,0.00039675415421010674,0.00039675415421010674,0.0004544637362009496,0.0,6.2148371055931175,5.386200708587646
2025-11-10,0.026268758566380557,0.026268758566380557,0.04285200452671312,0.0,6.3780931610493266,5.61701020573383
2025-11-11,-0.00172374883573334,-0.00172374883573334,-0.017830057706887614,0.0,6.367098930388769,5.516858589625419
2025-11-12,-0.0076081703108192835,-0.0076081703108192835,-0.0016991069944302106,0.0,6.3186569573405365,5.507484856608504
2025-11-13,-0.021606800605090494,-0.021606800605090494,-0.02685153352644276,0.0,6.182130996371312,5.359600442334905
2025-11-14,0.0011903330701576644,0.0011903330701576644,0.012045753323295383,0.0,6.189489791340339,5.424160867174696
2025-11-17,-0.014899577006890817,-0.014899577006890817,-0.01623267448673993,0.0,6.097269011560899,5.3361122294541365
2025-11-18,-0.02415757212650438,-0.02415757212650438,-0.024276903943580064,0.0,5.9499737956394165,5.2065679454275156
2025-11-19,0.011089505528793989,0.011089505528793989,0.016757637692574878,0.0,6.015956062942339,5.293817724678764
2025-11-20,-0.0216829034153115,-0.0216829034153115,-0.024847056804233048,0.0,5.885512668678802,5.162281934962415
2025-11-21,0.008762187027877713,0.008762187027877713,-0.004071840151348649,0.0,5.93708263143671,5.141261948107053
2025-11-24,0.020721202160898972,0.020721202160898972,0.01981552144881027,0.0,6.060106120888672,5.243138734513721
2025-11-25,-0.0023746056012758547,-0.0023746056012758547,-0.011760483924330933,0.0,6.045715758949683,5.181476885713436
2025-11-26,0.004531688165346955,0.004531688165346955,0.010273755637268067,0.0,6.073113057505567,5.2347101130774085
2025-11-28,0.001438593686993542,0.001438593686993542,-0.006867152873611393,0.0,6.0818497996104925,5.198762558481866
2025-12-01,0.011522720135673051,0.011522720135673051,0.01024874635502604,0.0,6.151929252758604,5.252043357303753
2025-12-02,0.007261103749792423,0.007261103749792423,0.008390175483441231,0.0,6.196599049324268,5.296108922718173
2025-12-03,-0.008711918353288661,-0.008711918353288661,-0.011400147897884239,0.0,6.142614784338489,5.2357324977158815
2025-12-04,-0.0016842479844903684,-0.0016842479844903684,0.0155832914241123,0.0,6.132269097768466,5.317322443046484
2025-12-05,-0.0034321658079816317,-0.0034321658079816317,-0.0018300119476620802,0.0,6.111222133445763,5.307591679446137
2025-12-08,0.0008398954446668938,0.0008398954446668938,0.010754576990445353,0.0,6.116354921076991,5.3646725827965875
2025-12-09,-0.00038038169930602406,-0.00038038169930602406,-0.0033226974065311277,0.0,6.114028371598553,5.3468473991188405
2025-12-10,0.00542494589703942,0.00542494589703942,-0.006300226824075161,0.0,6.1471966447274395,5.313161047710675
2025-12-11,-0.008223308905648078,-0.008223308905648078,-0.009442537641057736,0.0,6.096646347814082,5.262991324524665
2025-12-12,-0.016508696181140183,-0.016508696181140183,-0.024357438368658668,0.0,5.995998665534162,5.134798337702771
2025-12-15,-0.007955261313277912,-0.007955261313277912,0.002051768058118908,0.0,5.948298929315772,5.145333752916951
2025-12-16,0.003341896800326482,0.003341896800326482,0.007247118494001059,0.0,5.968177530475038,5.1826225963155235
2025-12-17,-0.018011039018934083,-0.018011039018934083,-0.027309930176939945,0.0,5.860684452101727,5.041085535076715
2025-12-18,0.014939628686392165,0.014939628686392165,0.017460168461264303,0.0,5.948240901664238,5.129103737746798
2025-12-19,0.015791901714300744,0.015791901714300744,0.025461839258784424,0.0,6.042174937356303,5.259700152658937
2025-12-22,0.003267444622931048,0.003267444622931048,0.00918634161938825,0.0,6.061917409366177,5.30801755507681
2025-12-23,0.017140548488689067,0.017140548488689067,0.02193860465947406,0.0,6.165821998655846,5.424468053743188
2025-12-24,0.0010621949137597693,0.0010621949137597693,-0.0009142489176736657,0.0,6.172371303421966,5.419508739696098
2025-12-26,0.0030948933716048086,0.0030948933716048086,0.005901271449927359,0.0,6.19147413445601,5.451490731894298
2025-12-29,-0.004247491694077972,-0.004247491694077972,-0.008771605798940096,0.0,6.16517589949581,5.403672404177546
2025-12-30,-0.001371593961346895,-0.001371593961346895,-0.001377219265169427,0.0,6.15671978146142,5.396230362439848
2025-12-31,-0.005788938976267347,-0.005788938976267347,-0.0060759616024029794,0.0,6.121078906352562,5.363443073959942
