date,strategy_gross_return,strategy_net_return,benchmark_return,turnover,strategy_equity,benchmark_equity
2020-07-31,0.0,-0.001,0.0,1.0,0.999,1.0
2020-08-03,0.015258727030040903,0.015258727030040903,0.015298074224660896,0.0,1.0142434683030108,1.015298074224661
2020-08-04,0.011696536302358227,0.011696536302358227,0.0008605199302993416,0.0,1.0261066038494466,1.0161717584527257
2020-08-05,0.009990001080323847,0.009990001080323847,0.004855208675205613,0.0,1.03635740993043,1.0211054843898644
2020-08-06,0.015146414672233693,0.015146414672233693,0.0236277223889525,0.0,1.0520545090098785,1.0452318813048649
2020-08-07,-0.017525035330881678,-0.017525035330881678,-0.01055698374977787,0.0,1.033617216569467,1.0341973853191797
2020-08-10,0.00178695119646873,0.00178695119646873,-0.006002004984237641,0.0,1.0354642400913066,1.0279901274578085
2020-08-11,-0.026463614928031582,-0.026463614928031582,-0.023409227359852736,0.0,1.0080621131697833,1.0039256728404646
2020-08-12,0.03803781460277888,0.03803781460277888,0.029344549772445383,0.0,1.046406592938621,1.0333854197149674
2020-08-13,0.00585075999048538,0.00585075999048538,0.004551694663959216,0.0,1.0525288667663664,1.0380890746156972
2020-08-14,0.0018566551330846395,0.0018566551330846395,-0.00016287365139400212,0.0,1.054483049889568,1.0379199972576423
2020-08-17,0.02505303617212843,0.02505303617212843,0.01526784641836576,0.0,1.0809010518813478,1.0537668003703227
2020-08-18,0.014342202889690348,0.014342202889690348,0.012661017410314557,0.0,1.09640355407111,1.0671085601762227
2020-08-19,-0.008139012575497057,-0.008139012575497057,-0.0061481413023809495,0.0,1.0874799117567053,1.060547825963279
2020-08-20,0.011236601819010723,0.011236601819010723,0.01674174679985696,0.0,1.0996994905112882,1.0783032491346949
2020-08-21,0.030793080247020283,0.030793080247020283,0.013695057716814008,0.0,1.1335626251702096,1.0930706743678227
2020-08-24,0.007260213209283828,0.007260213209283828,0.00787576412146862,0.0,1.1417925315150208,1.1016794411672384
2020-08-25,0.0019785448325849715,0.0019785448325849715,0.01060203636850332,0.0,1.1440516192281338,1.1133594866689258
2020-08-26,0.014632863530401607,0.014632863530401607,0.02813359284579975,0.0,1.1607923704440342,1.144682289157878
2020-08-27,-0.011815426684175418,-0.011815426684175418,-0.009784685124978987,0.0,1.1470771132955024,1.133481933390328
2020-08-28,0.013349273471219798,0.013349273471219798,0.010007627087484483,0.0,1.1623897593734613,1.1448253978900995
2020-08-31,0.021869833372790765,0.021869833372790765,0.00754194769599148,0.0,1.1878110297251971,1.1534596111620292
2020-09-01,0.029160623939152936,0.029160623939152936,0.02032155740042918,0.0,1.2224483404737916,1.1768997068593352
2020-09-02,0.008847615585856412,0.008847615585856412,0.017652635027185504,0.0,1.2332640934638717,1.1976750878481246
2020-09-03,-0.0730401417194902,-0.0730401417194902,-0.06266963388968305,0.0,1.1431863092997119,1.1226172285738887
2020-09-04,-0.017106726362751713,-0.017106726362751713,-0.020772330685653206,0.0,1.1236301339248778,1.0992978522685404
2020-09-08,-0.05581617585573069,-0.05581617585573069,-0.050085151020973995,0.0,1.0609133967729285,1.0442393533206382
2020-09-09,0.048304893560695186,0.048304893560695186,0.03570430754686926,0.0,1.1121607054811604,1.081523196344142
2020-09-10,-0.030988652832100505,-0.030988652832100505,-0.02604812019353564,0.0,1.0776963434855007,1.053351550133673
2020-09-11,-0.014545294565555198,-0.014545294565555198,-0.010416575344040169,0.0,1.0620209327172823,1.042379234347944
2020-09-14,0.027976528848127364,0.027976528848127364,0.015103928396229316,0.0,1.0917325919787624,1.0581232556652518
2020-09-15,0.009305833949691717,0.009305833949691717,0.013947484980197933,0.0,1.1018920741971832,1.0728814138808411
2020-09-16,-0.030305397145398778,-0.030305397145398778,-0.02648787834080979,0.0,1.0684987972772704,1.0444630615158494
2020-09-17,-0.014191840909267912,-0.014191840909267912,-0.0167865392989186,0.0,1.0533348323345673,1.0269301412874448
2020-09-18,-0.02387083223010111,-0.02387083223010111,-0.019695962361097274,0.0,1.0281908532697872,1.006703763877171
2020-09-21,0.01970549133708125,0.01970549133708125,0.007016114735056478,0.0,1.0484518592217613,1.0137669129887463
2020-09-22,0.027421994664139117,0.027421994664139117,0.02478258214911344,0.0,1.0772025005109473,1.0388906747899431
2020-09-23,-0.041295582020173804,-0.041295582020173804,-0.0358290124451045,0.0,1.0327187962987612,1.0016682478737913
2020-09-24,0.011802975085988043,0.011802975085988043,0.010245662008254275,0.0,1.0449079505223071,1.0119310021859065
2020-09-25,0.03501421248719483,0.03501421248719483,0.027341946415337492,0.0,1.0814945795314543,1.0395991654236922
2020-09-28,0.02063089871492892,0.02063089871492892,0.015130564167634253,0.0,1.1038067846625124,1.0553288873047544
2020-09-29,-0.0007081491558339845,-0.0007081491558339845,0.002279717581672225,0.0,1.1030251248197498,1.0577347391235896
2020-09-30,0.013114097658143939,0.013114097658143939,0.009661186942080402,0.0,1.1174903040260222,1.0679537121733953
2020-10-01,0.012568436827909016,0.012568436827909016,0.013128230968995291,0.0,1.1315354103179742,1.0819740551710035
2020-10-02,-0.03424222163268901,-0.03424222163268901,-0.03030595661874702,0.0,1.0927891240126304,1.0491837963923814
2020-10-05,0.032985673800130545,0.032985673800130545,0.026733788826262428,0.0,1.1288355095896414,1.0772324544450715
2020-10-06,-0.01759983273764217,-0.01759983273764217,-0.018695628822400723,0.0,1.1089681934325526,1.0570929163213227
2020-10-07,0.021469979264869377,0.021469979264869377,0.014550151283537538,0.0,1.1327777175509492,1.072473778174554
2020-10-08,-0.0038446316810179697,-0.0038446316810179697,0.004314187222913102,0.0,1.1284226044505017,1.077100630845264
2020-10-09,0.014008104488531882,0.014008104488531882,0.013695969342238268,0.0,1.1442296662008655,1.0918525680638262
2020-10-12,0.04824340228494864,0.04824340228494864,0.041420597329823616,0.0,1.1994311982937664,1.1370777536291319
2020-10-13,-0.008253355195870336,-0.008253355195870336,-0.0027044427358426937,0.0,1.1895318665812395,1.1340025919582413
2020-10-14,-0.011067637928797908,-0.011067637928797908,-0.010004714405659532,0.0,1.1763665585771512,1.1226572198904214
2020-10-15,-0.00676566852777501,-0.00676566852777501,-0.008250657555714747,0.0,1.1684076523746587,1.1133945596166548
2020-10-16,-0.015032267399522828,-0.015032267399522828,-0.006975804030926569,0.0,1.1508438361125142,1.1056277373596692
2020-10-19,-0.022757374028872714,-0.022757374028872714,-0.022423442932237303,0.0,1.124653652485279,1.080835756886686
2020-10-20,0.00906445956231853,0.00906445956231853,0.01110734387013057,0.0,1.1348480300398458,1.0928409713055593
2020-10-21,-0.008088041714350772,-0.008088041714350772,0.0062043342831406,0.0,1.1256693318334348,1.0996213220098512
2020-10-22,-0.008123919662370136,-0.008123919662370136,-0.0025404316444108677,0.0,1.116524484615226,1.0968278092065484
2020-10-23,0.006613004778057485,0.006613004778057485,0.011288861053868393,0.0,1.1239080663668046,1.1092097459447001
2020-10-26,-0.010709175770739413,-0.010709175770739413,-0.02020251183717392,0.0,1.1118719373339307,1.0868009229223436
2020-10-27,0.019212893025153534,0.019212893025153534,0.017392467276538204,0.0,1.1332342139235978,1.105703072410382
2020-10-28,-0.047121676579947216,-0.047121676579947216,-0.05048729145027275,0.0,1.0798343178057592,1.049879119136137
2020-10-29,0.027913400674941448,0.027913400674941448,0.029259974303605052,0.0,1.1099761657812235,1.0805985551839519
2020-10-30,-0.049365854031942526,-0.049365854031942526,-0.03136892696748195,0.0,1.0551812444023325,1.04670133802522
2020-11-02,-0.002509346117961645,-0.002509346117961645,-0.0013560287975454832,0.0,1.0525334294429456,1.0452819808684284
2020-11-03,0.021616545563497565,0.021616545563497565,0.01927601243181387,0.0,1.0752855662776033,1.0654308493263993
2020-11-04,0.05452440253940856,0.05452440253940856,0.05936773621193603,0.0,1.1339148693381391,1.128683066941268
2020-11-05,0.02898343369012942,0.02898343369012942,0.02542536527497119,0.0,1.1667796157638528,1.1573802461979246
2020-11-06,0.008017877187401951,0.008017877187401951,0.004101713084121661,0.0,1.1761347114278116,1.1621274878970584
2020-11-09,-0.044847081603152684,-0.044847081603152684,-0.0352440913070462,0.0,1.123388502048108,1.1211693606031863
2020-11-10,-0.033579795300164195,-0.033579795300164195,-0.02910344857972591,0.0,1.0856653461067745,1.0885394657677072
2020-11-11,0.03827534790595144,0.03827534790595144,0.026962965228751523,0.0,1.1272195649384464,1.1178897175333256
2020-11-12,-0.0026987490037012987,-0.0026987490037012987,-0.0032008822967340977,0.0,1.1241774822606163,1.114311484126772
2020-11-13,-0.001831413100317758,-0.001831413100317758,0.0035392208854538865,0.0,1.1221186488925219,1.1182552786042947
2020-11-16,0.008617734975568057,0.008617734975568057,0.006518152469017657,0.0,1.1317887700198201,1.1255442370095214
2020-11-17,-0.004325571747643512,-0.004325571747643512,-0.007903380220316003,0.0,1.1268931364919224,1.1166486329496497
2020-11-18,-0.006845991811876913,-0.006845991811876913,-0.009204634434443082,0.0,1.1191784353066383,1.1063702904916275
2020-11-19,0.003248983625659433,0.003248983625659433,0.0049622122662214,0.0,1.1228146277171407,1.111860334718088
2020-11-20,-0.014279214334585899,-0.014279214334585899,-0.013296132242540448,0.0,1.1067817169899594,1.097076892672441
2020-11-23,-0.008692024659085917,-0.008692024659085917,-0.006177323555631387,0.0,1.0971615430136572,1.0902998937409967
2020-11-24,0.0013576428122369002,0.0013576428122369002,0.011890152336657245,0.0,1.0986510964963923,1.1032637255702182
2020-11-25,0.016778401734509247,0.016778401734509247,0.007607655854958928,0.0,1.1170847059594677,1.1116569763116162
2020-11-27,0.003350974555877295,0.003350974555877295,0.006272009718953253,0.0,1.1208280283858976,1.1186292996711849
2020-11-30,0.007710597483452078,0.007710597483452078,-0.0004616444635680006,0.0,1.1294702821609526,1.1181128906482067
2020-12-01,0.01546539020494264,0.01546539020494264,0.018752601509147704,0.0,1.1469379807994584,1.1390804161287738
2020-12-02,0.0031107935125400665,0.0031107935125400665,0.00473123504390438,0.0,1.1505058680294151,1.1444696733113875
2020-12-03,-0.005684540551304703,-0.005684540551304703,-0.007317377542349512,0.0,1.143965770768088,1.1360951566259987
2020-12-04,-0.0003596305307848051,-0.0003596305307848051,-0.0007995138203504837,0.0,1.143554365750747,1.135186832847043
2020-12-07,0.004799631312477884,0.004799631312477884,0.005227316747171473,0.0,1.149043005092125,1.1411208139895528
2020-12-08,-0.0025566142286355493,-0.0025566142286355493,-0.0023586701979244618,0.0,1.1461053453959924,1.1384292863333643
2020-12-09,-0.02510414528554209,-0.02510414528554209,-0.022239269597810085,0.0,1.117333350292635,1.113111450516554
2020-12-10,0.004775122659055627,0.004775122659055627,8.289061410704512e-05,0.0,1.1226687540913358,1.113203717008257
2020-12-11,0.0004132598076193039,0.0004132598076193039,0.0007348658685051301,0.0,1.123132707964672,1.1140217724245793
2020-12-14,0.010190778915092014,0.010190778915092014,0.003994728161602845,0.0,1.1345783050838487,1.1184719865715225
2020-12-15,0.018853525144680267,0.018853525144680267,0.011326239068657262,0.0,1.1559691056873558,1.1311400676830274
2020-12-16,0.0048605217196884265,0.0048605217196884265,0.005199186477634843,0.0,1.161587718632838,1.137021075827236
2020-12-17,0.004305039663019428,0.004305039663019428,0.00014039344460692327,0.0,1.1665883998336288,1.1371807061326622
2020-12-18,-0.010560399683191815,-0.010560399683191815,-0.006269589153051092,0.0,1.1542687600656105,1.130051050312434
2020-12-21,0.006116699403689269,0.006116699403689269,0.004855556818289752,0.0,1.161329075102001,1.1355380773947938
2020-12-22,0.008173402883919174,0.008173402883919174,0.00058689490891628,0.0,1.1708210855136187,1.1362045189112975
2020-12-23,-0.011287267826560938,-0.011287267826560938,-0.0066993808022690615,0.0,1.1576057143444416,1.1285926521698517
2020-12-24,0.0008570687343891397,0.0008570687343891397,0.002033463481879938,0.0,1.1585978620089565,1.130887604113957
2020-12-28,0.021207341472765113,0.021207341472765113,0.02156509243995952,0.0,1.1831686424981962,1.1552752998358788
2020-12-29,0.0005404280743131302,0.0005404280743131302,-0.0024261411635494445,0.0,1.183808060049249,1.152472438875715
2020-12-30,-0.0012543757308824586,-0.0012543757308824586,-0.007102967997517973,0.0,1.1823231199487003,1.1442864640243593
2020-12-31,-0.007802473244000258,-0.008469139910666924,-0.0011202662590025225,0.6666666666666666,1.1723098600262385,1.1430045585080795
2021-01-04,-0.011788096752424279,-0.011788096752424279,-0.015356782468559316,0.0,1.1584905579724283,1.1254516861424992
2021-01-05,0.014212651104423008,0.014212651104423008,0.010518092722898054,0.0,1.1749557800806587,1.137289291332488
2021-01-06,-0.034160794928902526,-0.034160794928902526,-0.030906205604182335,0.0,1.1348183566267946,1.1021399946631312
2021-01-07,0.040607528069111457,0.040607528069111457,0.03064945441398903,0.0,1.18090052489686,1.1359199841873928
2021-01-08,0.005609975333553748,0.005609975333553748,0.004184147503096147,0.0,1.187525347712912,1.1406728409529474
2021-01-11,-0.006796009519583775,-0.006796009519583775,-0.01443539264771787,0.0,1.1794549141451078,1.1242067806112037
2021-01-12,-0.007391071276092916,-0.007391071276092916,-0.008953158125870941,0.0,1.1707374788077232,1.1141415795382152
2021-01-13,0.008454711359805021,0.008454711359805021,0.008091007940479233,0.0,1.1806357262691483,1.123156107905077
2021-01-14,-0.01632375120094498,-0.01632375120094498,-0.016766965022232405,0.0,1.1613633224145836,1.1043241887293258
2021-01-15,-0.013816971347597296,-0.013816971347597296,-0.005683252872857092,0.0,1.1453167986646309,1.0980480351111643
2021-01-19,0.017074346577769996,0.017074346577769996,0.01859983944163579,0.0,1.164872334626373,1.1184715522634356
2021-01-20,0.03752362950965571,0.03752362950965571,0.03650184579886262,0.0,1.2085825725369406,1.15929782839457
2021-01-21,0.025456061862152286,0.025456061862152286,0.01924520314030409,0.0,1.2393483252689599,1.1816087506021369
2021-01-22,0.003120100088985703,0.003120100088985703,0.002593109625661949,0.0,1.2432152160889158,1.1846727916270896
2021-01-25,0.008090511362586612,0.008090511362586612,0.008986595719247648,0.0,1.2532734629208238,1.1953189670650348
2021-01-26,-0.002356997251712937,-0.002356997251712937,0.004281967698605005,0.0,1.2503195008130747,1.2004372842715372
2021-01-27,-0.030951295080137275,-0.030951295080137275,-0.02566060239361123,0.0,1.2116204929989594,1.1696333404213788
2021-01-28,-0.0019451032691710415,-0.0019451032691710415,-0.0011891190496496895,0.0,1.2092637660170324,1.1682425071351783
2021-01-29,-0.018685542885004864,-0.018685542885004864,-0.020255399057190315,0.0,1.1866680160578387,1.1445792889575828
2021-02-01,0.023837754360855296,0.023837754360855296,0.02671317003436302,0.0,1.2149555167325088,1.175154630121317
2021-02-02,0.01475107214074415,0.01475107214074415,0.012297018314776142,0.0,1.2328774132076252,1.1896055281306128
2021-02-03,0.02103661485451721,0.02103661485451721,0.01059608508013321,0.0,1.2588129805121073,1.2022106895184816
2021-02-04,0.0110310573995559,0.0110310573995559,0.00582460644133076,0.0,1.2726990187554423,1.2092130936444876
2021-02-05,0.002893836377771704,0.002893836377771704,0.003679172870710179,0.0,1.2763820014738712,1.2136619976535319
2021-02-08,0.020469911951283414,0.020469911951283414,0.008862548638975065,0.0,1.3025094286602443,1.2244181361390118
2021-02-09,-0.007702862070682418,-0.007702862070682418,-0.002609894780373989,0.0,1.292476378185511,1.2212225336365075
2021-02-10,0.011970188462476142,0.011970188462476142,0.0065341626987487356,0.0,1.3079475640156901,1.2292022003626666
2021-02-11,0.010706282435578657,0.010706282435578657,0.005363002869724021,0.0,1.3219508200469692,1.2357944152906826
2021-02-12,-0.004733509286342899,-0.004733509286342899,-0.0017521798301884939,0.0,1.3156933535641884,1.2336290812419506
2021-02-16,0.005346623863102732,0.005346623863102732,0.003956345713460596,0.0,1.3227278710448804,1.2385097443695225
2021-02-17,-0.013855339637328915,-0.013855339637328915,-0.005480136731946139,0.0,1.3044010271437927,1.2317225416265298
2021-02-18,-0.006616154730398856,-0.006616154730398856,-0.0052579221747043325,0.0,1.295770908117718,1.2252462403618285
2021-02-19,-8.816698278009882e-05,-8.816698278009882e-05,-0.00954853711668624,0.0,1.295656663906375,1.2135469311586533
2021-02-22,-0.028192233619293162,-0.028192233619293162,-0.02363173481295411,0.0,1.2591292085471324,1.1848687118984378
2021-02-23,-0.004382742517876033,-0.004382742517876033,0.0003544368716039692,0.0,1.2536107694293332,1.1852886730579444
2021-02-24,0.010897068640746205,0.010897068640746205,0.0047638950124253565,0.0,1.2672714520325832,1.1909352638558095
2021-02-25,-0.049842007109806276,-0.049842007109806276,-0.041529236726070784,0.0,1.2041080993103206,1.141476631357716
2021-02-26,0.011924035845317055,0.01125736917865039,0.012328381469557836,0.6666666666666666,1.2176631887152598,1.1555491907076798
2021-03-01,0.01750595323716301,0.01750595323716301,0.025068470293315714,0.0,1.238979543555524,1.1845170412674002
2021-03-02,-0.015640876875591642,-0.015640876875591642,-0.017514678799316452,0.0,1.2196008170633952,1.163770605757285
2021-03-03,-0.0325180148273874,-0.0325180148273874,-0.027891609866033895,0.0,1.179941819610634,1.1313111700479448
2021-03-04,-0.008794629167526491,-0.008794629167526491,-0.007076214631060784,0.0,1.169564668867902,1.123305769394169
2021-03-05,0.019966487951190194,0.019966487951190194,0.017889968835562486,0.0,1.1929167677369907,1.1434016746014382
2021-03-08,-0.043521540926176175,-0.043521540926176175,-0.03808470749612314,0.0,1.1409991918084035,1.099855556273665
2021-03-09,0.041601104603156434,0.041601104603156434,0.039727947447327994,0.0,1.1884660185389417,1.1435505600129567
2021-03-10,-0.004004867988724939,-0.004004867988724939,-0.004349761473125491,0.0,1.1837063690256078,1.1385763878444413
2021-03-11,0.03133179525572556,0.03133179525572556,0.02747990796014399,0.0,1.2207940146228164,1.1698643621879996
2021-03-12,-0.013487441983875265,-0.013487441983875265,-0.013068088290132618,0.0,1.204328626176329,1.1545764714154472
2021-03-15,0.008085292726621505,0.008085292726621505,0.011057045334060822,0.0,1.2140659756580146,1.1673426758015277
2021-03-16,0.011421905212204875,0.011421905212204875,0.01191199567193113,0.0,1.2279329221533435,1.181248056703336
2021-03-17,4.7331189249377845e-05,4.7331189249377845e-05,0.0035481936560610716,0.0,1.2279910416788675,1.1854393535643653
2021-03-18,-0.034092944174460516,-0.034092944174460516,-0.031720580848913715,0.0,1.1861252116481722,1.147836528708143
2021-03-19,0.003621497173095493,0.003621497173095493,0.009962322473860308,0.0,1.1904207607490933,1.15927164635441
2021-03-22,0.01761043039904675,0.01761043039904675,0.017159455944726565,0.0,1.2113845827018455,1.1791641170979992
2021-03-23,0.001072681324140179,0.001072681324140179,-0.0009928270927941352,0.0,1.212684012320061,1.1779934110156935
2021-03-24,-0.015320011599167736,-0.015320011599167736,-0.01828578650929491,0.0,1.1941056791851925,1.1564528749925045
2021-03-25,-0.007269176388616201,-0.007269176388616201,-0.006789149094665103,0.0,1.1854255143765469,1.1486015440032262
2021-03-26,0.01275573912987567,0.01275573912987567,0.009921257795260319,0.0,1.2005464929958327,1.1599971160253162
2021-03-29,0.004549070474273812,0.004549070474273812,0.00837349483624017,0.0,1.206007863600113,1.1697103458864078
2021-03-30,-0.006662104486870249,-0.006662104486870249,-0.007848378635416542,0.0,1.197973313200822,1.1605300161981271
2021-03-31,0.020589587232020385,0.01992292056535372,0.019281452841281688,0.6666666666666666,1.2218404403591354,1.182906720976343
2021-04-01,0.024847177027059075,0.024847177027059075,0.023488569527431613,0.0,1.2521997260795588,1.2106915077364622
2021-04-05,0.03464052814559822,0.03464052814559822,0.02727549621734271,0.0,1.295576585934728,1.243713719376097
2021-04-06,-0.005936094889673319,-0.005936094889673319,-0.0043928428992540125,0.0,1.2878859203837805,1.2382502803952309
2021-04-07,0.014668895146514963,0.014668895146514963,0.015760365353355565,0.0,1.3067777839105632,1.2577655572131548
2021-04-08,0.00609107790178065,0.00609107790178065,0.009244630867868864,0.0,1.3147374691926788,1.2693931355079098
2021-04-09,0.005823868277858635,0.005823868277858635,0.010504060586113084,0.0,1.3223943270332221,1.282726917910881
2021-04-12,-0.0047274589529104905,-0.0047274589529104905,0.005336637128866117,0.0,1.316142762132611,1.2895723660072
2021-04-13,0.0029128786719491515,0.0029128786719491515,0.012058772412460117,0.0,1.3199765263136674,1.3051230256782786
2021-04-14,-0.013058918810543552,-0.013058918810543552,-0.01683715804321395,0.0,1.302739060024714,1.283148463029096
2021-04-15,0.017046993502194553,0.017046993502194553,0.02430158925926862,0.0,1.3249468443160104,1.3143310099362908
2021-04-16,-0.0005477855737684445,-0.0005477855737684445,-0.002540072885632405,0.0,1.3242210575486841,1.3109925133752058
2021-04-19,-0.005822677772536014,-0.005822677772536014,-0.009511740435407923,0.0,1.3165105450309713,1.2985226928752178
2021-04-20,-0.0017310984343072988,-0.0017310984343072988,-0.0069418940279339925,0.0,1.3142315356877192,1.2895084859484105
2021-04-21,0.001598223284654606,0.001598223284654606,0.004714198260569402,0.0,1.3163319711294825,1.295587484609858
2021-04-22,-0.01361425212052277,-0.01361425212052277,-0.017140124991309014,0.0,1.298411095800221,1.2733809531864695
2021-04-23,0.017356921205846493,0.017356921205846493,0.01849375044964119,0.0,1.3209475148828222,1.2969305427620264
2021-04-26,0.004074005658583957,0.004074005658583957,0.007914212245521135,0.0,1.3263290625331472,1.307194726345144
2021-04-27,-0.0016161913695187378,-0.0016161913695187378,-0.0023096650104610372,0.0,1.3241854609491392,1.3041755444238454
2021-04-28,0.0043500724208424355,0.0043500724208424355,0.0023847469584843406,0.0,1.3299457636028946,1.30728567308674
2021-04-29,0.026404583077310157,0.026404583077310157,0.013840396665578902,0.0,1.365062427006264,1.3253790253574886
2021-04-30,-0.010386268137698274,-0.010386268137698274,-0.012013160369162001,0.0,1.3508845226146797,1.3094570345759455
2021-05-03,-0.004462312348498106,-0.004462312348498106,-0.006374013149396451,0.0,1.3448564539280212,1.3011105382189887
2021-05-04,-0.014904250924169988,-0.014904250924169988,-0.022380390266386274,0.0,1.3248123758816885,1.2719911765939398
2021-05-05,-0.004125453118825247,-0.004125453118825247,-0.0019521003724667363,0.0,1.319346924533749,1.2695081221443363
2021-05-06,0.012951132192755344,0.012951132192755344,0.011004273744557702,0.0,1.3364339609614908,1.283478137041352
2021-05-07,0.004744132681020252,0.004744132681020252,0.006318298455192384,0.0,1.3427741809917135,1.2915875349718935
2021-05-10,-0.029196159007455053,-0.029196159007455053,-0.030116718413173982,0.0,1.3035703324923742,1.2526891568751795
2021-05-11,-0.0038259306510265065,-0.0038259306510265065,-0.0015386344574187527,0.0,1.2985829628015229,1.2507617261739765
2021-05-12,-0.02436638038323687,-0.02436638038323687,-0.026953454723409043,0.0,1.2669411963707102,1.2170493766177732
2021-05-13,0.012968035968878631,0.012968035968878631,0.008887009109773691,0.0,1.2833709353756997,1.2278653055148199
2021-05-14,0.026062988122181364,0.026062988122181364,0.026849719371350833,0.0,1.3168194168207494,1.2608331443937106
2021-05-17,-0.0029539496036549515,-0.0029539496036549515,-0.001703069140838398,0.0,1.3129295986263467,1.2586858583737475
2021-05-18,-0.0125184755179083,-0.0125184755179083,-0.011836770956288434,0.0,1.2964937215892056,1.243787082162258
2021-05-19,0.006058782130632823,0.006058782130632823,0.0035349682459182574,0.0,1.3043488945820478,1.248183830002385
2021-05-20,0.015144920038602534,0.015144920038602534,0.018902081656090752,0.0,1.3241031542929325,1.2717771026789022
2021-05-21,-0.0061139690166187215,-0.0061139690166187215,-0.0026986091689756853,0.0,1.3160076286327782,1.2683450733287196
2021-05-24,0.026203662408132468,0.026203662408132468,0.025395857035003466,0.0,1.3504918482599986,1.3005557834820267
2021-05-25,0.004752508547870127,0.004752508547870127,0.003105821821217658,0.0,1.3569100723126832,1.304595078014076
2021-05-26,0.002023543792877206,0.002023543792877206,0.0021027540422524638,0.0,1.3596558392670042,1.3073383205878728
2021-05-27,-0.00018021274234466134,-0.00018021274234466134,-0.006178063108807419,0.0,1.359410811959565,1.2992615019387186
2021-05-28,-0.0043549556637331914,-0.005021622330399858,0.005749396434409082,0.6666666666666666,1.352584364270042,1.30673147138533
2021-06-01,0.0042570990532359385,0.0042570990532359385,0.0005180989078077403,0.0,1.3583424498865977,1.3074084875334526
2021-06-02,0.009066877860385476,0.009066877860385476,0.006775689434785459,0.0,1.3706583749722963,1.316267081409382
2021-06-03,-0.002580608480749628,-0.002580608480749628,-0.005918710310866215,0.0,1.3671212423456323,1.3084764778627904
2021-06-04,0.022889386264404028,0.022889386264404028,0.020205878098471075,0.0,1.3984138085319533,1.3349153940692027
2021-06-07,0.008274624077258652,0.008274624077258652,0.005823402449858461,0.0,1.4099851571020028,1.342689143645379
2021-06-08,-0.006472565136037112,-0.006472565136037112,-0.0008148411387260968,0.0,1.4008589363318145,1.3415950652946158
2021-06-09,-0.003915444295298887,-0.003915444295298887,-0.0002446529163877553,0.0,1.3953739512010357,1.34126684014928
2021-06-10,0.00727618576773903,0.00727618576773903,0.007858035575544431,0.0,1.4055269512854385,1.3518065626954712
2021-06-11,0.005778584507363979,0.005778584507363979,0.005395944273254294,0.0,1.413648907550819,1.3591008355759953
2021-06-14,0.011729306905790288,0.011729306905790288,0.012723479847777774,0.0,1.4302300294445176,1.3763933276685443
2021-06-15,-0.0070724230382250095,-0.0070724230382250095,-0.006213624279039487,0.0,1.4201148376343131,1.367840936670235
2021-06-16,-0.006981210450398197,-0.006981210450398197,-0.0022959105836984905,0.0,1.410200717089055,1.3647004961869178
2021-06-17,0.02399937387379114,0.02399937387379114,0.02083483898131444,0.0,1.4440446513355636,1.393133811282692
2021-06-18,-0.011585562828766919,-0.011585562828766919,-0.008526507877031908,0.0,1.4273145812999706,1.3812552448670308
2021-06-21,0.0035988976545594147,0.0035988976545594147,0.0043528583886836,0.0,1.4324513403989294,1.3872676533465635
2021-06-22,0.016490558725868944,0.016490558725868944,0.014806008768019074,0.0,1.4560732633497278,1.407807550385602
2021-06-23,0.003988457801704204,0.003988457801704204,0.0017934625030886497,0.0,1.4618807501167879,1.4103324004387836
2021-06-24,0.006145940072914247,0.006145940072914247,0.001909162145011578,0.0,1.4708653816007526,1.4130249536695847
2021-06-25,-0.004763710735048665,-0.004763710735048665,-0.005849704804383848,0.0,1.4638586043926096,1.4047591748093895
2021-06-28,0.030718559412043007,0.030718559412043007,0.023023692848545885,0.0,1.5088262319024743,1.4371019185763776
2021-06-29,-0.0035351833690235495,-0.0035351833690235495,0.0017211354509376608,0.0,1.5034922545007061,1.4395753656350498
2021-06-30,-0.00486208336439616,-0.00486208336439616,-0.002343386887799226,0.0,1.4961821498215997,1.4362018835992219
2021-07-01,0.01086423449381287,0.01086423449381287,0.00637995952792636,0.0,1.5124370235427185,1.4453647934905165
2021-07-02,0.012484657521399267,0.012484657521399267,0.0167088149007375,0.0,1.5313192818043337,1.4695151262889923
2021-07-06,0.004118535591084697,0.004118535591084697,0.01094953347844596,0.0,1.537626074767759,1.4856056313613764
2021-07-07,-0.006675704312198253,-0.006675704312198253,0.0006613814537121954,0.0,1.5273613377498836,1.486588183373489
2021-07-08,-0.016045910903419447,-0.016045910903419447,-0.010818159297908414,0.0,1.5028534338070214,1.4705060355953663
2021-07-09,0.008335156844971065,0.008335156844971065,0.006296872624652616,0.0,1.5153799528928062,1.4797656247952933
2021-07-12,0.014160614618015616,0.014160614618015616,0.007309964723882567,0.0,1.5368386644055878,1.490582659312161
2021-07-13,-0.004314856954799679,-0.004314856954799679,-0.0009220730401213739,0.0,1.5302074254060722,1.4892082332279368
2021-07-14,-0.00860264160738348,-0.00860264160738348,-0.00021486878809484633,0.0,1.5170435993403468,1.4888882488596422
2021-07-15,-0.0209460754283407,-0.0209460754283407,-0.015805629794951592,0.0,1.4852674896804825,1.465355432392113
2021-07-16,-0.01743755448835434,-0.01743755448835434,-0.014649572578860237,0.0,1.4593680568993979,1.4438886016314576
2021-07-19,0.0009637837968606115,0.0009637837968606115,-0.006202206221539552,0.0,1.4607745721862935,1.4349333067632088
2021-07-20,0.006047200635197887,0.006047200635197887,0.00912502615635602,0.0,1.4696081691070995,1.4480271107200495
2021-07-21,0.022288260712567915,0.022288260712567915,0.013606972844799392,0.0,1.502363179125478,1.4677303762941505
2021-07-22,0.010215276143314078,0.010215276143314078,0.011575501279441625,0.0,1.517710233867792,1.4847200911428187
2021-07-23,0.02896485634622792,0.02896485634622792,0.01926414278706301,0.0,1.5616704927669725,1.5133219509774152
2021-07-26,0.00046343891239919444,0.00046343891239919444,0.001541932651822675,0.0,1.5623942316416664,1.5156553915063473
2021-07-27,-0.010956874449680224,-0.010956874449680224,-0.012287032490494898,0.0,1.545275274204664,1.497032484466515
2021-07-28,0.020675529869200883,0.020675529869200883,0.009849091105626151,0.0,1.5772246592926202,1.5117768937941076
2021-07-29,-0.011416579442988092,-0.011416579442988092,-0.005534843606967987,0.0,1.5592181486703662,1.5034094451183293
2021-07-30,-0.007222712360007895,-0.007222712360007895,-0.014329969057741865,0.0,1.5479563644760161,1.4818656342886667
2021-08-02,0.0005377972215121485,0.0005377972215121485,0.0006534018769412953,0.0,1.5487888511078534,1.4828338880754857
2021-08-03,0.0023415242833221273,0.0023415242833221273,0.006013240198777359,0.0,1.5524153778124608,1.4917505244193705
2021-08-04,0.0137701134457839,0.0137701134457839,0.006285504713101409,0.0,1.573792313679918,1.50112692937138
2021-08-05,0.012507016155238969,0.012507016155238969,0.009762124836267816,0.0,1.5934757595721036,1.5157811178509868
2021-08-06,-0.005136267231941012,-0.005136267231941012,-0.005176123426561485,0.0,1.585291242243321,1.5079352476973387
2021-08-09,-2.020828752184278e-05,-2.020828752184278e-05,-0.0005979158483934155,0.0,1.5852592062220918,1.5070336293143893
2021-08-10,-0.006596689616364282,-0.006596689616364282,-0.006395562122253118,0.0,1.5748017432771606,1.4973953021177846
2021-08-11,-0.006329261521680155,-0.006329261521680155,-0.004242083412695163,0.0,1.5648344111991617,1.491043226344423
2021-08-12,0.00821494323854092,0.00821494323854092,0.009922330660888212,0.0,1.5776894370648784,1.50583785026589
2021-08-13,0.0065224883902768776,0.0065224883902768776,0.005523538795062732,0.0,1.5879798981015965,1.5141554040509075
2021-08-16,0.0005810258313501127,0.0005810258313501127,0.0030898606704703457,0.0,1.5889025554420582,1.5188339332828646
2021-08-17,-0.019567150237755643,-0.019567150237755643,-0.014798372520013259,0.0,1.5578122604265694,1.4963576629421078
2021-08-18,-0.012907882099973917,-0.012907882099973917,-0.013989066086296464,0.0,1.5377042034350894,1.4754250167064746
2021-08-19,0.01352928962801488,0.01352928962801488,0.011530122579106239,0.0,1.5585082489655786,1.4924368480053802
2021-08-20,0.02542722230800564,0.02542722230800564,0.02141149213164817,0.0,1.598136784680887,1.5243921478334292
2021-08-23,0.028314068721498293,0.028314068721498293,0.021341052011420114,0.0,1.6433865394286957,1.556924279946143
2021-08-24,0.002380684516779308,0.002380684516779308,0.0011872829247212557,0.0,1.6472989243181972,1.5587727895588068
2021-08-25,0.010979660659346338,0.010979660659346338,0.004801385925424784,0.0,1.6653857075117173,1.5662570592915297
2021-08-26,-0.007302337973982794,-0.007302337973982794,-0.0058463531766811405,0.0,1.6532244982184263,1.5571001673574414
2021-08-27,0.022168091172122262,0.022168091172122262,0.01545031628554483,0.0,1.6898733296229185,1.5811578574313887
2021-08-30,0.009306486543580867,0.009306486543580867,0.013614436336161884,0.0,1.7056001130254101,1.6026844304188104
2021-08-31,-0.005267900410149351,-0.005267900410149351,-0.0038414109607173286,0.0,1.6966151814904529,1.5965278608812286
2021-09-01,0.0043730967139523624,0.0043730967139523624,0.0032957414419125808,0.0,1.7040346437654705,1.6017896039155028
2021-09-02,-0.011001947694152487,-0.011001947694152487,-0.005661514605867057,0.0,1.685286943745739,1.5927210486774093
2021-09-03,0.008576202054790889,0.008576202054790889,0.006587185392091799,0.0,1.6997403050956033,1.6032125975029343
2021-09-07,0.003857967706548153,0.003857967706548153,0.004298308966456332,0.0,1.7062978483021805,1.610103700585917
2021-09-08,-0.010133674625454706,-0.010133674625454706,-0.006861757454772022,0.0,1.6890067810933727,1.5990555595154654
2021-09-09,-0.002385602688666166,-0.002385602688666166,-0.005538697433992712,0.0,1.684977481975221,1.5901988745911653
2021-09-10,-0.0010561312250445547,-0.0010561312250445547,-0.00685866577962424,0.0,1.68319792464301,1.5792922319872098
2021-09-13,-0.0033068209747665325,-0.0033068209747665325,-0.0012384711668217419,0.0,1.677631890441117,1.577336324093908
2021-09-14,0.0018683298443624705,0.0018683298443624705,0.0009932537458503532,0.0,1.6807662601698823,1.57890301930628
2021-09-15,0.003581156465656561,0.003581156465656561,0.006965960112841785,0.0,1.686785347129747,1.589901594760813
2021-09-16,-0.004135120897897471,-0.004135120897897471,-0.002108517289074241,0.0,1.6798102857905635,1.5865492597603332
2021-09-17,-0.01909966367319101,-0.01909966367319101,-0.0171588544652862,0.0,1.6477264742971969,1.559325891910098
2021-09-20,-0.025147918529131674,-0.025147918529131674,-0.024433472372293985,0.0,1.6062895831632775,1.52122614581071
2021-09-21,0.004521287891995277,0.004521287891995277,0.002965975109352259,0.0,1.613552080806672,1.5257380646948804
2021-09-22,0.0005958586641117876,0.0005958586641117876,0.00865585093532073,0.0,1.614513529794016,1.538944625949224
2021-09-23,0.01310575311148976,0.01310575311148976,0.010819598838858413,0.0,1.6356729455106562,1.5555953894372117
2021-09-24,0.0031570694122876977,0.0031570694122876977,0.0006450551150507522,0.0,1.6408368785354346,1.5565988342001176
2021-09-27,-0.008448918001442984,-0.008448918001442984,-0.010614377135450437,0.0,1.626973582294945,1.540076507125315
2021-09-28,-0.03936494753473133,-0.03936494753473133,-0.035264262289017245,0.0,1.5629278525875105,1.4857668452328945
2021-09-29,-0.0075719507988447985,-0.0075719507988447985,-0.0038932251926455663,0.0,1.5510934397855738,1.4799824203206362
2021-09-30,0.0013364138360785205,0.0006697471694118538,-0.0021581525042011496,0.6666666666666666,1.5521322802263635,1.4767883925540475
2021-10-01,0.016056890914829015,0.016056890914829015,0.011402847104671432,0.0,1.5770546989353431,1.4936279848002947
2021-10-04,-0.03017708532480108,-0.03017708532480108,-0.032648286092506695,0.0,1.5294637847236927,1.4448635910367604
2021-10-05,0.024692897227163387,0.024692897227163387,0.021058929702807205,0.0,1.5672306767725432,1.475290871830549
2021-10-06,0.012858423662270633,0.012858423662270633,0.010140791041215236,0.0,1.5873827927909918,1.490251488286795
2021-10-07,0.01204007353286244,0.01204007353286244,0.008260858870927645,0.0,1.606494998340996,1.5025622455137222
2021-10-08,-0.0025173645280476276,-0.0025173645280476276,-0.002249186700642336,0.0,1.6024508648176865,1.4991827024942255
2021-10-11,-0.004955356760224553,-0.004955356760224553,-0.006666261680531638,0.0,1.5945101490917846,1.4891887582924723
2021-10-12,-0.00783096548904442,-0.00783096548904442,-0.006792369012826982,0.0,1.5820235951423158,1.4790736387163963
2021-10-13,0.010993354507486284,0.010993354507486284,0.00748834249839625,0.0,1.5994153413629233,1.490149448703454
2021-10-14,0.028738444933206205,0.028738444933206205,0.022768704946134477,0.0,1.6453800510760068,1.5240782218266278
2021-10-15,0.0038979593869090663,0.0038979593869090663,0.005570851859250103,0.0,1.6517936756911316,1.5325686358223332
2021-10-18,0.012188500769759376,0.012188500769759376,0.015003497107658026,0.0,1.6719265641787764,1.555562524917181
2021-10-19,0.0031113072224301743,0.0031113072224301743,0.0059683241106254226,0.0,1.6771284413732788,1.5648466262402294
2021-10-20,-0.007099523113493562,-0.007099523113493562,-0.004553344312417051,0.0,1.6652216292394517,1.5577213407548334
2021-10-21,0.012790227703385336,0.012790227703385336,0.009243623240309473,0.0,1.6865201930540266,1.5721203299421609
2021-10-22,-0.011364600236955957,-0.011364600236955957,-0.017996106363684983,0.0,1.6673535652684137,1.5438282852680103
2021-10-25,0.005053681308985092,0.005053681308985092,0.004926337810641446,0.0,1.6757798388166802,1.551433704922864
2021-10-26,0.028973605891202455,0.028973605891202455,0.016584989767252534,0.0,1.7243332234269775,1.5771642170435802
2021-10-27,0.02698225211096065,0.02698225211096065,0.012553400910700452,0.0,1.7708596171847895,1.5969629917621393
2021-10-28,0.0070571171401091854,0.0070571171401091854,0.012315898242010181,0.0,1.7833567809419515,1.6166310254649379
2021-10-29,0.02085893379335927,0.02085893379335927,0.010408718246950333,0.0,1.820555701965558,1.6334580823182807
2021-11-01,-0.009114132900406153,-0.009114132900406153,-0.004855240869434341,0.0,1.8039629153452517,1.6255272498785012
2021-11-02,0.015709588840859823,0.015709588840859823,0.010211254751714582,0.0,1.8323024310294844,1.6421259227328646
2021-11-03,0.006029196107873039,0.006029196107873039,0.009028992764712918,0.0,1.843349741715094,1.6569526658079672
2021-11-04,0.04637199117809302,0.04637199117809302,0.03798833157787662,0.0,1.9288295396760464,1.7198975330855268
2021-11-05,0.00038966662578369493,0.00038966662578369493,0.003931781039555382,0.0,1.9295811401744838,1.7266597935960906
2021-11-08,0.013109463905606928,0.013109463905606928,0.007613476226100646,0.0,1.9548769144845408,1.7398056768851982
2021-11-09,-0.0028709750411016386,-0.0028709750411016386,-0.00021427656889561053,0.0,1.9492645116546299,1.73943287729421
2021-11-10,-0.024906898380586608,-0.024906898380586608,-0.02556210490254407,0.0,1.9007143785459644,1.6949693116138813
2021-11-11,0.01188684810651097,0.01188684810651097,0.008954413777381598,0.0,1.9233078816576015,1.7101467681700357
2021-11-12,0.010959630879210147,0.010959630879210147,0.014513821997807375,0.0,1.9443866261076443,1.7349675339533812
2021-11-15,-0.005153869877392191,-0.005153869877392191,-0.0007495765049041481,0.0,1.9343655104453439,1.7336670430531582
2021-11-16,0.0040949395170621905,0.0040949395170621905,0.0015209132789786306,0.0,1.9422866202145086,1.7363038002802653
2021-11-17,-0.009784750927911421,-0.009784750927911421,-0.006506131195295084,0.0,1.9232818294050948,1.7250071799607525
2021-11-18,0.033646566366590205,0.033646566366590205,0.03307465360808104,0.0,1.9879936591198302,1.7820611949094072
2021-11-19,0.013554329730029901,0.013554329730029901,0.015504793615532808,0.0,2.0149395806767494,1.8096916859467274
2021-11-22,-0.019459579621925977,-0.019459579621925977,-0.017854925931291676,0.0,1.9757297034732,1.7773797749356741
2021-11-23,-0.005484041251482459,-0.005484041251482459,-0.004330751832142821,0.0,1.9648947202775737,1.769682384218958
2021-11-24,0.010743828525752916,0.010743828525752916,0.010679487934398768,0.0,1.986005212223393,1.7885816858889423
2021-11-26,-0.029046059471924512,-0.029046059471924512,-0.028708521296351264,0.0,1.9283195867176004,1.7372341504693358
2021-11-29,0.03469316701496683,0.03469316701496683,0.03127637215882273,0.0,1.995219100197826,1.791568532286431
2021-11-30,-0.02129319380795195,-0.021959860474618616,-0.01556927825873633,0.6666666666666666,1.9514043671411876,1.7636751032876676
2021-12-01,-0.014203385031467192,-0.014203385031467192,-0.01987249537122604,0.0,1.9236878195625946,1.7286264779612368
2021-12-02,0.00468819846628458,0.00468819846628458,0.007286626160603937,0.0,1.9327064498478783,1.7412223328774619
2021-12-03,-0.025332217121965907,-0.025332217121965907,-0.021772731411969226,0.0,1.883746710427308,1.7033111666951983
2021-12-06,0.0033249680365322228,0.0033249680365322228,0.0056515436887845105,0.0,1.8900101080284013,1.7129375041693709
2021-12-07,0.047259339181762616,0.047259339181762616,0.04178167249652054,0.0,1.9793307367806754,1.7845068979755827
2021-12-08,0.0014663052990180328,0.0014663052990180328,0.002189357834055272,0.0,1.9822330399285262,1.7884138221325911
2021-12-09,-0.016843692444881965,-0.016843692444881965,-0.015197193285256483,0.0,1.9488449162498866,1.7612349516036179
2021-12-10,0.015592054557267495,0.015592054557267495,0.00547017620796475,0.0,1.9792314125077082,1.770869217132516
2021-12-13,-0.03243188853396598,-0.03243188853396598,-0.025432089537054448,0.0,1.9150411999543342,1.7258323126439883
2021-12-14,-0.011453460913576314,-0.011453460913576314,-0.008038065534339722,0.0,1.893107350422769,1.7119599594136747
2021-12-15,0.04087031327854225,0.04087031327854225,0.03607914940665413,0.0,1.9704792409044585,1.7737260185675703
2021-12-16,-0.04547482416828208,-0.04547482416828208,-0.03684750611800092,0.0,1.8808720438970783,1.7083686382467442
2021-12-17,-0.010176956109573254,-0.010176956109573254,-0.010249446786059213,0.0,1.8617304916586144,1.6908588047980617
2021-12-20,-0.007694991584093479,-0.007694991584093479,-0.00918751604011181,0.0,1.847404491193451,1.6753240124074154
2021-12-21,0.03035856982162747,0.03035856982162747,0.02744442554342985,0.0,1.9034890494281358,1.7213023175270508
2021-12-22,0.014851271239657866,0.014851271239657866,0.011013517609905765,0.0,1.9317582816029115,1.7402599109131065
2021-12-23,0.005426303310778942,0.005426303310778942,0.00592952409993619,0.0,1.942240587961998,1.7505788239950186
2021-12-27,0.030063145683300558,0.030063145683300558,0.02356951750218994,0.0,2.0006304497099188,1.7918391222261323
2021-12-28,-0.009801497624320255,-0.009801497624320255,-0.00786543169584153,0.0,1.9810212751099443,1.777745534000326
2021-12-29,-0.0026776070209255654,-0.0026776070209255654,-0.004552244602507027,0.0,1.975716878635107,1.7696528014885422
2021-12-30,-0.00936746214855429,-0.00936746214855429,-0.006347459222549201,0.0,1.9572094255582326,1.7584200024930237
2021-12-31,-0.006097123270133342,-0.006097123270133342,-0.00940335688561078,0.0,1.9452760784251373,1.7418849516547852
2022-01-03,0.014825622144166458,0.014825622144166458,0.012938875603672795,0.0,1.9741160065299543,1.764422984360156
2022-01-04,-0.019142641161288387,-0.019142641161288387,-0.015380574907211786,0.0,1.9363262122061957,1.7372851444811985
2022-01-05,-0.04085004516119343,-0.04085004516119343,-0.04074321016893301,0.0,1.85722719899077,1.666502570716236
2022-01-06,-0.001267070757158594,-0.001267070757158594,0.0039393150099642504,0.0,1.8548739607175293,1.6730674493072024
2022-01-07,-0.010513878232810431,-0.010513878232810431,-0.010192253613226954,0.0,1.8353720417573343,1.6560151215518286
2022-01-10,0.0021546282545165476,0.0021546282545165476,0.0016666362184634131,0.0,1.8393265862160544,1.65877509633173
2022-01-11,0.011420825454697692,0.011420825454697692,0.013461848260391207,0.0,1.8603332141114128,1.6811052749766635
2022-01-12,0.006519138445609363,0.006519138445609363,0.005465761773136846,0.0,1.8724609838891706,1.6902937959252498
2022-01-13,-0.03740312508046565,-0.03740312508046565,-0.0318345979875716,0.0,1.8024250915004723,1.6364839724510831
2022-01-14,0.012212326475216601,0.012212326475216601,0.011090621153238667,0.0,1.824436895164998,1.654633596212885
2022-01-18,-0.027265825492433095,-0.027265825492433095,-0.02898821640317928,0.0,1.774692117159473,1.6066687194578952
2022-01-19,-0.017017412237885034,-0.017017412237885034,-0.013709089132707741,0.0,1.7444914498064452,1.5846427547761135
2022-01-20,-0.01754419837347772,-0.01754419837347772,-0.018610188332744415,0.0,1.713885745750205,1.555152254669611
2022-01-21,-0.021121841844066253,-0.021121841844066253,-0.028963138319479498,0.0,1.6776853220896695,1.5101101648097648
2022-01-24,-0.001267224944794661,-0.001267224944794661,0.0037436631928537967,0.0,1.6755593174000014,1.5157635086509176
2022-01-25,-0.02760427550523984,-0.02760427550523984,-0.029673610697159347,0.0,1.6293067163771202,1.4707853323862499
2022-01-26,0.015999289067475497,0.015999289067475497,0.00953441645746711,0.0,1.6553744655120173,1.4848084122647545
2022-01-27,-0.009584869353374917,-0.009584869353374917,-0.007330114477096639,0.0,1.6395079175291718,1.4739245966262977
2022-01-28,0.046230154564675496,0.046230154564675496,0.03906209951956652,0.0,1.7153026219665546,1.531499185904051
2022-01-31,0.03567211161321156,0.03567211161321156,0.03462459414075392,0.0,1.7764910885477798,1.5845267236428737
2022-02-01,-0.0006346189580711905,-0.0006346189580711905,0.0069500841607057495,0.0,1.775363693624143,1.5955393177270791
2022-02-02,0.01559385143544345,0.01559385143544345,0.025404527467741245,0.0,1.803048451306398,1.6360732401501379
2022-02-03,-0.03564532905915141,-0.03564532905915141,-0.069961320924386,0.0,1.7387781959499882,1.521611395140194
2022-02-04,0.009793632064999206,0.009793632064999206,0.0190904398855698,0.0,1.7558071498437653,1.5506596260083159
2022-02-07,-0.001242319081455408,-0.001242319081455408,-0.010121700438177395,0.0,1.7536258771181585,1.5349643137922835
2022-02-08,0.015276542878898642,0.015276542878898642,0.009756383563769067,0.0,1.7804152180235002,1.5499400143943385
2022-02-09,0.031244536465660312,0.031244536465660312,0.029248277118018695,0.0,1.8360434662270522,1.59527308945165
2022-02-10,-0.028320614854149162,-0.028320614854149162,-0.024614918959757315,0.0,1.7840455863645588,1.556005571636116
2022-02-11,-0.03903321201019986,-0.03903321201019986,-0.04008885696173781,0.0,1.7144085567561298,1.4936270868431287
2022-02-14,0.00485521367564549,0.00485521367564549,0.005952998346722804,0.0,1.7227323766265357,1.5025186464217262
2022-02-15,0.04450234386567205,0.04450234386567205,0.034441911872594044,0.0,1.799398005239696,1.5542682612287126
2022-02-16,-0.0006507306195104497,-0.0006507306195104497,0.0005512187499647769,0.0,1.7982270818610004,1.5551250030367771
2022-02-17,-0.04204761667120819,-0.04204761667120819,-0.042216777257809146,0.0,1.7226159188351238,1.4894726371755238
2022-02-18,-0.018094129370953078,-0.018094129370953078,-0.017712699022416345,0.0,1.6914466835432578,1.463090056651109
2022-02-22,-0.009733497151663939,-0.009733497151663939,-0.010522113015234869,0.0,1.674982992066798,1.4476952577235596
2022-02-23,-0.03154644119575163,-0.03154644119575163,-0.028797046205208954,0.0,1.6221432396036786,1.4060059104958322
2022-02-24,0.04285599684216993,0.04285599684216993,0.04394035964343823,0.0,1.6916618051576813,1.467786315863819
2022-02-25,0.013140504593732356,0.013140504593732356,0.013923772883127405,0.0,1.7138910948793973,1.488223439166869
2022-02-28,0.005351288475870926,0.005351288475870926,0.004500439033914283,0.0,1.7230626205443231,1.4949210980236818
2022-03-01,-0.020571955960325312,-0.020571955960325312,-0.020219805985453476,0.0,1.6876158521976026,1.464694083458082
2022-03-02,0.02339261032638292,0.02339261032638292,0.018119477020424046,0.0,1.7270935922086876,1.4912335742452518
2022-03-03,-0.012365722972269158,-0.012365722972269158,-0.014259615317883667,0.0,1.7057368313002539,1.4699691571274018
2022-03-04,-0.023898221930732433,-0.023898221930732433,-0.02098410842939702,0.0,1.6649727539504162,1.4391231649463712
2022-03-07,-0.043518733939193255,-0.043518733939193255,-0.048202515381614686,0.0,1.5925152476552422,1.3697538084520058
2022-03-08,-0.005019962173271423,-0.005019962173271423,-0.0007036907060431474,0.0,1.584520881351655,1.368789925427431
2022-03-09,0.05019233371052034,0.05019233371052034,0.048037159145079666,0.0,1.664051682199745,1.4345427049113701
2022-03-10,-0.01758046767054185,-0.01758046767054185,-0.007993096547615597,0.0,1.6347968753987216,1.423076266569336
2022-03-11,-0.022621387336023847,-0.022621387336023847,-0.022086748556974567,0.0,1.5978155020646057,1.3916451388922209
2022-03-14,-0.024788461633101555,-0.024788461633101555,-0.02508975265497948,0.0,1.5582081137949022,1.3567291065739104
2022-03-15,0.04848260170352825,0.04848260170352825,0.04304445038079874,0.0,1.6337540971472264,1.4151287652820166
2022-03-16,0.04017468751167056,0.04017468751167056,0.04231154455783814,0.0,1.6993896574710279,1.4750050490893252
2022-03-17,0.006765305285656886,0.006765305285656886,0.01012712152906503,0.0,1.7108865473031072,1.4899426044774373
2022-03-18,0.035561294809575664,0.035561294809575664,0.03435834189842257,0.0,1.7717278881974898,1.5411345618910992
2022-03-21,0.0049777774149428,0.0049777774149428,0.0016259868506676156,0.0,1.7805471552647838,1.5436404264238435
2022-03-22,0.009774960601993232,0.009774960601993232,0.013995746973355816,0.0,1.7979519335574883,1.5652448272499146
2022-03-23,-0.013450373216469209,-0.013450373216469209,-0.014559665515521125,0.0,1.7737688090258676,1.5424553861152563
2022-03-24,0.04540712984346943,0.04540712984346943,0.039644684250444095,0.0,1.8543105596496015,1.6036055428681926
2022-03-25,-0.004639096841103751,-0.004639096841103751,-0.0022641218035596156,0.0,1.8457082333899058,1.5999747845942756
2022-03-28,0.015728100140595263,0.015728100140595263,0.01287340856977548,0.0,1.8747377173149835,1.6205719136976962
2022-03-29,0.01659321637498623,0.01659321637498623,0.014132675336818057,0.0,1.9058456459047388,1.6434749304139515
2022-03-30,-0.015091430940774845,-0.015091430940774845,-0.014679054357640053,0.0,1.8770837079557912,1.6193502725749864
2022-03-31,-0.016682983527613583,-0.016682983527613583,-0.018195706698419856,0.0,1.845768351376013,1.5898850499732058
2022-04-01,-0.006384669632904738,-0.006384669632904738,-0.00247314072661986,0.0,1.833983730233606,1.585953040505473
2022-04-04,0.021963078633546664,0.021963078633546664,0.02435339233616851,0.0,1.8742636591133721,1.624576377127642
2022-04-05,-0.028052383017831195,-0.028052383017831195,-0.026105786523282548,0.0,1.821686097071522,1.58216553303558
2022-04-06,-0.037942542964380745,-0.037942542964380745,-0.03712324265858824,0.0,1.752566694065771,1.5234304180266456
2022-04-07,-3.523290060566042e-05,-3.523290060566042e-05,-0.0025106978009399317,0.0,1.752504946057634,1.519605544626221
2022-04-08,-0.023831397822624445,-0.023831397822624445,-0.022206855786358726,0.0,1.7107403035020177,1.4858598834445556
2022-04-11,-0.03897967702512887,-0.03897967702512887,-0.03555355653088277,0.0,1.644056198997638,1.4330322800815387
2022-04-12,-0.006179526764379124,-0.006179526764379124,-0.007305946641779304,0.0,1.6338967097137886,1.4225626227073156
2022-04-13,0.02285342336902015,0.02285342336902015,0.021353385756258003,0.0,1.6712368429621267,1.452939151152419
2022-04-14,-0.0332114861278342,-0.0332114861278342,-0.03006598073874378,0.0,1.6157325837357646,1.4092551106193036
2022-04-18,0.008610412482981037,0.008610412482981037,0.008601342236855158,0.0,1.6296447077439222,1.4213765961247775
2022-04-19,0.016735627848519414,0.016735627848519414,0.020617261514619845,0.0,1.6569178350980336,1.4506814891178423
2022-04-20,-0.009851785051421924,-0.009851785051421924,-0.021024680688071395,0.0,1.6405942367387805,1.4201813740290439
2022-04-21,-0.028231364819512196,-0.028231364819512196,-0.0335464657204535,0.0,1.5942780223206188,1.372539308248352
2022-04-22,-0.028354240434803463,-0.028354240434803463,-0.0304586014793764,0.0,1.549073479955817,1.3307336804436365
2022-04-25,0.01699386385711861,0.01699386385711861,0.01859832726425381,0.0,1.575398223778859,1.3554831009340922
2022-04-26,-0.04356877676260488,-0.04356877676260488,-0.041866033037834205,0.0,1.5067600502548337,1.2987344006481596
2022-04-27,0.008929811212825028,0.008929811212825028,-0.0080743531662405,0.0,1.5202151330466362,1.2882479604281807
2022-04-28,0.0473401381473301,0.0473401381473301,0.05780656759615477,0.0,1.592182327458726,1.362717153233281
2022-04-29,-0.0469490534041402,-0.04761572007080687,-0.054053423219235675,0.6666666666666666,1.5163694194527655,1.2890576262214504
2022-05-02,0.016228774574741145,0.016228774574741145,0.026772936528610236,0.0,1.5409782369330955,1.3235694842299983
2022-05-03,0.0022027212410340447,0.0022027212410340447,0.002484660479073364,0.0,1.5443725824275594,1.3268581050187722
2022-05-04,0.03736675580859179,0.03736675580859179,0.036877928470604004,0.0,1.602080775592614,1.3757898833062956
2022-05-05,-0.048782136058188964,-0.048782136058188964,-0.05916044440933699,0.0,1.5239278532214464,1.2943975423960252
2022-05-06,-0.0037446541840206273,-0.0037446541840206273,-0.0077494897817833586,0.0,1.5182212704097353,1.2843666218676617
2022-05-09,-0.03269599279145622,-0.03269599279145622,-0.04851950013153139,0.0,1.4685815186965832,1.2220497953890193
2022-05-10,0.017150873120411376,0.017150873120411376,0.019096822985347206,0.0,1.4937689739907292,1.245387064010843
2022-05-11,-0.0306594400653953,-0.0306594400653953,-0.03740895248073828,0.0,1.4479708536611133,1.1987984385131354
2022-05-12,-0.01784306031787323,-0.01784306031787323,-0.013447841461887378,0.0,1.4221346223807156,1.1826771871672526
2022-05-13,0.02764270983608208,0.02764270983608208,0.04612478934870334,0.0,1.4614462770950318,1.2372279232928591
2022-05-16,-0.007683878659700512,-0.007683878659700512,-0.011443914438687863,0.0,1.4502167012341625,1.2230691927975401
2022-05-17,0.021162339876603726,0.021162339876603726,0.029161280338319884,0.0,1.4809066799604067,1.2587354564018718
2022-05-18,-0.047071731253860175,-0.047071731253860175,-0.05453787425232659,0.0,1.411197838709264,1.1900867003636817
2022-05-19,-0.013961584160266827,-0.013961584160266827,-0.006020644591273161,0.0,1.391495281317338,1.182921611307991
2022-05-20,-0.004638441097839989,-0.004638441097839989,-0.0071037819527887125,0.0,1.3850409124170253,1.1745183941140176
2022-05-23,0.03194704195472897,0.03194704195472897,0.022290523349098423,0.0,1.4292888725550281,1.2006990238019617
2022-05-24,-0.02422059558265177,-0.02422059558265177,-0.03560075250733241,0.0,1.3946706448020885,1.1579532350197925
2022-05-25,0.0035843689742847866,0.0035843689742847866,0.01700358477604591,0.0,1.3996696589906628,1.1776425910181483
2022-05-26,0.01828657986548854,0.01828657986548854,0.030450849410901926,0.0,1.4252648299950965,1.2135028082171062
2022-05-27,0.03677666835973155,0.03677666835973155,0.03889437575126875,0.0,1.4776813219726153,1.2607012424151223
2022-05-31,0.0008365881477170318,0.0008365881477170318,0.002381021902250424,0.0,1.4789175326526804,1.263702999685507
2022-06-01,0.0007641797092733011,0.0007641797092733011,-0.005324084441981181,0.0,1.480047691422822,1.2569749382055964
2022-06-02,0.01916498393284849,0.01916498393284849,0.03569317498617153,0.0,1.5084127816487898,1.3018403646282009
2022-06-03,-0.027120386333629266,-0.027120386333629266,-0.03248285544154916,0.0,1.4675040442598903,1.2595528722560094
2022-06-06,0.006808449835733217,0.006808449835733217,0.008852689494034838,0.0,1.4774954719289695,1.2707033027354115
2022-06-07,0.011451999240221776,0.011451999240221776,0.007207017212513378,0.0,1.494415748950931,1.2798612833102232
2022-06-08,-0.004111061959718998,-0.004111061959718998,-0.006561348840148251,0.0,1.488272113213414,1.271463666963425
2022-06-09,-0.025621314635817773,-0.025621314635817773,-0.03257984005317538,0.0,1.4501406251370599,1.2300395840603326
2022-06-10,-0.038395268965633125,-0.038395268965633125,-0.04554768518481189,0.0,1.394462085796931,1.1740141283206957
2022-06-13,-0.041199714907809604,-0.041199714907809604,-0.053239907652353646,0.0,1.3370106454123478,1.1115097245463434
2022-06-14,0.006304424653199654,0.006304424653199654,0.00464121878875412,0.0,1.3454397282868757,1.1166684843637908
2022-06-15,0.026139489235595798,0.026139489235595798,0.0333982335568217,0.0,1.3806088355815733,1.153963239210115
2022-06-16,-0.03353750564428185,-0.03353750564428185,-0.040613840914340504,0.0,1.3343066589657109,1.1070963597918382
2022-06-17,0.010980557307579925,0.010980557307579925,0.014504149810990352,0.0,1.3489580897003692,1.123153851249461
2022-06-21,0.032807631173637386,0.032807631173637386,0.027359674083090813,0.0,1.3932142091759534,1.1538829745648145
2022-06-22,-0.002245863022416731,-0.002245863022416731,-0.004507956756606424,0.0,1.3900852409012596,1.148681320013292
2022-06-23,0.01699253234455241,0.01699253234455241,0.012646545455075264,0.0,1.413706309318959,1.163208170540236
2022-06-24,0.036581414551380455,0.036581414551380455,0.04422787664803529,0.0,1.465421685874058,1.2146543980228763
2022-06-27,-0.009549709573990706,-0.009549709573990706,-0.012364290125110866,0.0,1.451427334370533,1.1996360586439796
2022-06-28,-0.03152283973997616,-0.03152283973997616,-0.040098668428665385,0.0,1.40567422311495,1.1515322500933436
2022-06-29,0.008343290417046881,0.008343290417046881,0.0018294774163516436,0.0,1.4174021713901546,1.15363895233909
2022-06-30,-0.01857431605004874,-0.01857431605004874,-0.020462127757489568,0.0,1.3910748954887284,1.130033044710311
2022-07-01,0.008267343001411373,0.008267343001411373,-0.0017676332779453796,0.0,1.402575388790386,1.1280355606953032
2022-07-05,0.024382023150915456,0.024382023150915456,0.02967030552165073,0.0,1.4367730143907775,1.1615047204204194
2022-07-06,0.011315931743198707,0.011315931743198707,0.010672769322376263,0.0,1.4530314397520936,1.1739011923683176
2022-07-07,0.022993252415168808,0.022993252415168808,0.027124295862375636,0.0,1.4864413584134897,1.2057424356233113
2022-07-08,0.0022536337607859482,0.0022536337607859482,-0.00020396196813210477,0.0,1.4897912528422388,1.2054965100230812
2022-07-11,-0.019111454445002875,-0.019111454445002875,-0.02847744493012938,0.0,1.4613191751809806,1.1711670495454358
2022-07-12,-0.01615449044461218,-0.01615449044461218,-0.012481488154364118,0.0,1.437712308528991,1.1565491418897529
2022-07-13,-0.009890743611420616,-0.009890743611420616,-0.0040388134979724155,0.0,1.423492264698347,1.1518780556044201
2022-07-14,0.00566983625418264,0.00566983625418264,0.0031158844527601204,0.0,1.4315632327482823,1.1554671745293534
2022-07-15,0.011538671532338524,0.011538671532338524,0.018713484012685022,0.0,1.4480815706687373,1.1770899910270909
2022-07-18,-0.01828152432906186,-0.01828152432906186,-0.005017392872356363,0.0,1.4216084322040907,1.1711840680959895
2022-07-19,0.03044329975418865,0.03044329975418865,0.03896850017205167,0.0,1.4648868838387619,1.2168233546550922
2022-07-20,0.008286027396463556,0.008286027396463556,0.023121574428298652,0.0,1.47702497669097,1.2449582264158419
2022-07-21,0.009585401511793101,0.009585401511793101,0.010132974046945575,0.0,1.4911828541355,1.257573355813645
2022-07-22,-0.027116659856396403,-0.027116659856396403,-0.03426816472931038,0.0,1.4507469558962172,1.2144786248974313
2022-07-25,-0.005629667920155956,-0.005629667920155956,-0.009601052469463744,0.0,1.4425797322983442,1.2028183518967488
2022-07-26,-0.019587047110896167,-0.019587047110896167,-0.027248955717671386,0.0,1.4143238551205926,1.1700428078895118
2022-07-27,0.05921431390599411,0.05921431390599411,0.06265017755335034,0.0,1.4980720718424392,1.2433461975488103
2022-07-28,0.014124248474174964,0.014124248474174964,0.006792636703139676,0.0,1.519231214017364,1.2517917965649894
2022-07-29,0.02228129808608418,0.021614631419417513,0.025226877016095273,0.6666666666666666,1.5520688367492235,1.2833705942666913
2022-08-01,-0.00420573860692767,-0.00420573860692767,-0.0013528056772609265,0.0,1.545541240921898,1.2816344432407376
2022-08-02,-0.009948903795318615,-0.009948903795318615,-0.003280795903192524,0.0,1.5301647998042687,1.277429662209963
2022-08-03,0.03534545036439707,0.03534545036439707,0.031104658448984912,0.0,1.584249163785098,1.317163675545606
2022-08-04,0.008037319199877565,0.008037319199877565,0.007710124655049055,0.0,1.5969822800065778,1.327319171675165
2022-08-05,-0.005471075972856268,-0.005471075972856268,-0.007747863228368845,0.0,1.5882450686253566,1.317035284272634
2022-08-08,-0.007309914857468901,-0.007309914857468901,-0.016326108231864866,0.0,1.5766351324009105,1.295533223676414
2022-08-09,-0.0013223343906598735,-0.0013223343906598735,-0.010573871955297576,0.0,1.5745502935438143,1.2818344212554258
2022-08-10,0.02858532191408088,0.02858532191408088,0.03658223772889069,0.0,1.6195593205546746,1.3287267927828668
2022-08-11,-0.008733035905627129,-0.008733035905627129,-0.007560783204163979,0.0,1.6054156508569775,1.3186805775650714
2022-08-12,0.01971800601602543,0.01971800601602543,0.025220590900614237,0.0,1.6370712463187966,1.3519384809404258
2022-08-15,0.0030332497849752116,0.0030332497849752116,0.006559345158898555,0.0,1.6420368923246822,1.360806312070511
2022-08-16,0.0025537976975217682,0.0025537976975217682,-0.0024904802513511237,0.0,1.646230322359547,1.3574172508243854
2022-08-17,-0.004120798280154584,-0.004120798280154584,-0.012857872402801118,0.0,1.6394465392784294,1.3399637530159243
2022-08-18,-0.0016106917851914646,-0.0016106917851914646,0.005056002090104483,0.0,1.636805896205353,1.346738612551837
2022-08-19,-0.01918573292834006,-0.01918573292834006,-0.027749389426912074,0.0,1.605402575425225,1.3093674383358769
2022-08-22,-0.02954278565211443,-0.02954278565211443,-0.03148416951354793,0.0,1.557974511254085,1.2681430919517902
2022-08-23,-0.0012477726490455938,-0.0012477726490455938,-0.0008038385925890346,0.0,1.556030513271032,1.2671237095935541
2022-08-24,0.0002633189685324518,0.0002633189685324518,0.0014239804272839773,0.0,1.5564402456207913,1.268928068954963
2022-08-25,0.017342424752984677,0.017342424752984677,0.024671449394378042,0.0,1.583432693462987,1.3002343635932911
2022-08-26,-0.04128451972401233,-0.04128451972401233,-0.05439966199597024,0.0,1.5180614351980684,1.2295020536982706
2022-08-29,-0.01056684776166968,-0.01056684776166968,-0.014592317273531163,0.0,1.5020203111194685,1.2115607696422472
2022-08-30,-0.01066448394241426,-0.01066448394241426,-0.012011629982989658,0.0,1.4860020396303548,1.1970079499753985
2022-08-31,-0.010521510005891336,-0.010521510005891336,-0.00810445803455484,0.0,1.4703670543016092,1.1873068492777943
2022-09-01,0.002965743334253442,0.002965743334253442,-0.00994104269197249,0.0,1.47472778559181,1.1755037812006524
2022-09-02,-0.010900934865024414,-0.010900934865024414,-0.01654778521104383,0.0,1.458651874057432,1.156051797114574
2022-09-06,-0.010056346772961078,-0.010056346772961078,-0.010555640636900732,0.0,1.4439831649908808,1.1438489297865893
2022-09-07,0.018362740152935965,0.018362740152935965,0.018313794306948017,0.0,1.4704986526348225,1.1647971438049234
2022-09-08,-0.0017752790361344286,-0.0017752790361344286,0.0011782230510879454,0.0,1.467888107204136,1.1661695346495957
2022-09-09,0.022797380324331613,0.022797380324331613,0.025020456182537343,0.0,1.501352110657632,1.1953476283927058
2022-09-12,0.023550115726311306,0.023550115726311306,0.01422602988490751,0.0,1.5367091266095612,1.2123526794770738
2022-09-13,-0.06141108166912157,-0.06141108166912157,-0.0694709358975758,0.0,1.4423381569336569,1.1281294041958678
2022-09-14,0.008036473794598745,0.008036473794598745,0.004198198631967687,0.0,1.4539294697348042,1.1328655155172453
2022-09-15,-0.021235926554712032,-0.021235926554712032,-0.019255265956202083,0.0,1.4230539302997844,1.1110518887233507
2022-09-16,-0.011781753213628768,-0.011781753213628768,-0.0038150022477516643,0.0,1.406287860083308,1.1068132232705024
2022-09-19,0.011110572610995496,0.011110572610995496,0.01053102342048251,0.0,1.421912523464725,1.1184690992468638
2022-09-20,-0.004204620578999358,-0.004204620578999358,-0.008317551403131507,0.0,1.4159339208070283,1.1091661750210637
2022-09-21,-0.021525140402662957,-0.021525140402662957,-0.015544901700884517,0.0,1.385455744360764,1.0919242958604152
2022-09-22,-0.0027520072135679046,-0.0027520072135679046,-0.00897379790216346,0.0,1.381642960158204,1.0821255879049017
2022-09-23,-0.01930432360059427,-0.01930432360059427,-0.014191576870927314,0.0,1.354971277354827,1.0667685194401517
2022-09-26,0.004108539543317135,0.004108539543317135,-0.0064391451888665685,0.0,1.3605382304278983,1.0598994420605643
2022-09-27,-0.0014133559135195055,-0.0014133559135195055,4.544177521625947e-05,0.0,1.3586153056743537,1.0599476057727621
2022-09-28,0.012841829849963255,0.012841829849963255,0.018996409645367196,0.0,1.3760624122613796,1.0800828046946478
2022-09-29,-0.030376301636485414,-0.030376301636485414,-0.03284351236576655,0.0,1.3342627253558983,1.0446090917426074
2022-09-30,-0.021695788979870456,-0.021695788979870456,-0.01745770842027261,0.0,1.3053148428228698,1.0263726108057991
2022-10-03,0.029967327667537475,0.029967327667537475,0.02999534401748427,0.0,1.3444316404270429,1.0571590103570425
2022-10-04,0.03479860945247407,0.03479860945247407,0.03421161553072172,0.0,1.3912159920178127,1.093326127974216
2022-10-05,0.0007276010487856642,0.0007276010487856642,-6.287814044014794e-05,0.0,1.3922282422326921,1.0932573816603943
2022-10-06,-0.007223580159253025,-0.007223580159253025,-0.004968788535252622,0.0,1.3821713699249483,1.0878252169163198
2022-10-07,-0.04509518592669263,-0.04509518592669263,-0.04721451174760871,0.0,1.3198420950156313,1.0364640804328793
2022-10-10,-0.008905409255417607,-0.008905409255417607,-0.012111309445335339,0.0,1.3080883610069893,1.0239111432257817
2022-10-11,-0.013283077247345898,-0.013283077247345898,-0.01299597339887626,0.0,1.2907129222613793,1.0106044212456065
2022-10-12,0.0010174941980786536,0.0010174941980786536,-0.0011818056424414136,0.0,1.2920262151711654,1.0094100832383022
2022-10-13,0.022647911699456603,0.022647911699456603,0.026230610090970607,0.0,1.3212879108057451,1.0358875255536202
2022-10-14,-0.03550659426484011,-0.03550659426484011,-0.03612876875063631,0.0,1.2743734770497273,0.9984621846912246
2022-10-17,0.044273672879186744,0.044273672879186744,0.04399562314991323,0.0,1.3307946714985388,1.0423901506983388
2022-10-18,0.012026202990924753,0.012026202990924753,0.0075431697737238235,0.0,1.3467990783572215,1.050253076575514
2022-10-19,-0.00626364574002051,-0.00626364574002051,-0.0036264139327253364,0.0,1.3383632060474058,1.046444424185733
2022-10-20,-0.0010327371600940363,-0.0010327371600940363,0.0010161726087656309,0.0,1.3369810286308181,1.047507792346186
2022-10-21,0.02921804093022969,0.02921804093022969,0.02032256774046437,0.0,1.3760449950482938,1.0687958404148057
2022-10-24,0.013393685903194008,0.013393685903194008,0.012410143918410554,0.0,1.3944753095006328,1.082059750613752
2022-10-25,0.013213071665082378,0.013213071665082378,0.026034758964037952,0.0,1.4129006117002527,1.110230915405668
2022-10-26,-0.04591504000422897,-0.04591504000422897,-0.05240960132169925,0.0,1.348027223592036,1.0520441557542317
2022-10-27,-0.030285971859743462,-0.030285971859743462,-0.0366782596936337,0.0,1.3072009090321595,1.0134570070003084
2022-10-28,0.015910006674109023,0.015910006674109023,0.03681224636036262,0.0,1.3279984842192627,1.0507646360176395
2022-10-31,-0.01354874530998762,-0.01354874530998762,-0.020174412216105386,0.0,1.3100057709845263,1.0295660771085138
2022-11-01,-0.029918944786924098,-0.029918944786924098,-0.01991076370410716,0.0,1.2708117806518884,1.0090666302294415
2022-11-02,-0.04030737121365391,-0.04030737121365391,-0.036220920351402563,0.0,1.2195886984664681,0.9725173081866427
2022-11-03,-0.033198658771885436,-0.033198658771885436,-0.02408661650203947,0.0,1.179099989424032,0.9490926567427553
2022-11-04,0.016730503529499785,0.016730503529499785,0.02857245446977963,0.0,1.1988269259587239,0.9762105634651399
2022-11-07,0.00940845771013702,0.00940845771013702,0.01661175407147253,0.0,1.21010603839338,0.9924271332673964
2022-11-08,0.0008294031831532767,0.0008294031831532767,0.006715240442569881,0.0,1.2111097041935763,0.9990915200890174
2022-11-09,-0.031638693916104334,-0.031638693916104334,-0.02831297389085341,0.0,1.1727917749637722,0.9708042679661639
2022-11-10,0.09767371322422476,0.09767371322422476,0.10115910979855647,0.0,1.287342702463313,1.0690099635022603
2022-11-11,0.02643894463267138,0.02643894463267138,0.025895681761708866,0.0,1.3213786848970142,1.0966927053172109
2022-11-14,-0.01826853962128927,-0.01826853962128927,-0.009666534907819435,0.0,1.297239026037246,1.086091486998111
2022-11-15,0.006059096708792936,0.006059096708792936,0.01609525874633788,0.0,1.305099122750426,1.1035724105035405
2022-11-16,-0.008300907737076924,-0.008300907737076924,-0.015448981665198258,0.0,1.2942656153447347,1.0865233405674526
2022-11-17,-0.003536163581998597,-0.003536163581998597,-0.004870283541663745,0.0,1.2896888804103197,1.0812316638242534
2022-11-18,-0.001869033457613948,-0.001869033457613948,-0.005668165575488215,0.0,1.28727840874292,1.0751030637282368
2022-11-21,-0.012028414258163995,-0.012028414258163995,-0.012361840222613663,0.0,1.27179449077697,1.061812811431586
2022-11-22,0.011658764866598448,0.011658764866598448,0.021044989200499797,0.0,1.286622043703574,1.084158650581116
2022-11-23,0.008770579996840572,0.008770579996840572,0.014546678910401178,0.0,1.2979064652635746,1.0999295583590534
2022-11-25,-0.00920199918376167,-0.00920199918376167,-0.011138683312475028,0.0,1.2859631310296202,1.0876777913424613
2022-11-28,-0.014545323568008675,-0.014545323568008675,-0.020456786874908928,0.0,1.2672583811922649,1.065427398576397
2022-11-29,-0.014449509971266889,-0.014449509971266889,-0.011354307354044524,0.0,1.2489471185770555,1.0533302084295404
2022-11-30,0.05159896032516408,0.05093229365849741,0.06315733732714324,0.6666666666666666,1.3125588599843565,1.119855739720195
2022-12-01,0.0042183481754748025,0.0042183481754748025,0.0034383829809940814,0.0,1.3180956902565748,1.1237062326368175
2022-12-02,-0.005730346962123563,-0.005730346962123563,-0.00468960837318344,0.0,1.3105425446221248,1.1184364904792454
2022-12-05,-0.01421513157710741,-0.01421513157710741,-0.014491617837232518,0.0,1.2919130099129241,1.1022285362840047
2022-12-06,-0.027727075812866042,-0.027727075812866042,-0.030777045333769237,0.0,1.2560920399434405,1.068305198654618
2022-12-07,-0.00284187286114701,-0.00284187286114701,-0.005749509412506737,0.0,1.2525223860640224,1.0621629678595232
2022-12-08,0.029868859780700932,0.029868859780700932,0.0206270281467551,0.0,1.2899338015855577,1.0840722332940025
2022-12-09,-0.0070744198362829485,-0.0070744198362829485,-0.007375311929017192,0.0,1.280808268312129,1.0760768624198729
2022-12-12,0.025563130320086724,0.025563130320086724,0.01844088888908524,0.0,1.3135497369900364,1.0959206762758733
2022-12-13,0.018290518989800608,0.018290518989800608,0.02235145031068697,0.0,1.3375752433985002,1.120416092816108
2022-12-14,-0.012130356475410053,-0.012130356475410053,-0.009712104081182171,0.0,1.3213499788833931,1.1095344951084465
2022-12-15,-0.03987465455334789,-0.03987465455334789,-0.040721868286374696,0.0,1.2686616049313442,1.064352177539451
2022-12-16,-0.01813423239590909,-0.01813423239590909,-0.011809763914770954,0.0,1.2456554005557523,1.0517824296005378
2022-12-19,-0.01745588918167873,-0.01745588918167873,-0.02125009935598554,0.0,1.2239113779250914,1.0294319484706465
2022-12-20,-0.0017705329090134483,-0.0017705329090134483,0.0016026945122404879,0.0,1.221744402552759,1.0310818134051853
2022-12-21,0.02018295881548915,0.02018295881548915,0.017869922677532513,0.0,1.2464028195125358,1.049507165684946
2022-12-22,-0.039907039193947405,-0.039907039193947405,-0.03578632632507306,0.0,1.1966625733428025,1.011949159773242
2022-12-23,-0.0030672970032492954,-0.0030672970032492954,0.003163957387272598,0.0,1.1929920538176875,1.0151509237928509
2022-12-27,-0.030881998251569898,-0.030881998251569898,-0.028248008139221903,0.0,1.1561500752975529,0.9864749322350118
2022-12-28,-0.01565311955293321,-0.01565311955293321,-0.015100587591476033,0.0,1.1380527199477875,0.9715785811140016
2022-12-29,0.032116646163180475,0.032116646163180475,0.03188407797141246,0.0,1.1746031564693957,1.0025564683495947
2022-12-30,-0.0005717763867348902,-0.0005717763867348902,-0.0009343005825808159,0.0,1.1739315461207422,1.0016197792571455
2023-01-03,-0.019621735853927864,-0.019621735853927864,-0.005835991239859117,0.0,1.150896971412168,0.9957743349997312
2023-01-04,-0.001037037396470283,-0.001037037396470283,-0.0011528510131855185,0.0,1.149703448213329,0.9946263555487227
2023-01-05,-0.02435264346533198,-0.02435264346533198,-0.022139828044233534,0.0,1.121705130048127,0.9726054990686113
2023-01-06,0.030073198103562012,0.030073198103562012,0.027298372193371945,0.0,1.1554383906378463,0.9991560459795065
2023-01-09,0.021859444170067317,0.021859444170067317,0.01729376566927776,0.0,1.1806956316299466,1.0164352165057182
2023-01-10,0.01001795847204175,0.01001795847204175,0.012433503057418083,0.0,1.1925237914357365,1.0290730668778094
2023-01-11,0.019044524600753045,0.019044524600753045,0.02329919316423812,0.0,1.2152348401187179,1.0530496390431103
2023-01-12,0.014298471421416862,0.014298471421416862,0.011399299338246127,0.0,1.2326108407504655,1.0650536670965949
2023-01-13,0.012212328765095554,0.012212328765095554,0.013382428858341733,0.0,1.2476638895771308,1.079306672026831
2023-01-17,0.020318563475238673,0.020318563475238673,0.009585437039541844,0.0,1.273014627513267,1.0896522981779015
2023-01-18,-0.014206321434622228,-0.014206321434622228,-0.011557339810645773,0.0,1.2549297725238377,1.0770588162924084
2023-01-19,-0.01707635528450091,-0.01707635528450091,-0.007667461447115165,0.0,1.2335001458711228,1.0688005093422108
2023-01-20,0.03967550159542658,0.03967550159542658,0.04205600287344202,0.0,1.2824398828765915,1.113749986634243
2023-01-23,0.036408764444916177,0.036408764444916177,0.031646835079673474,0.0,1.3291319344870114,1.1489966487812455
2023-01-24,0.0038626600320618527,0.0038626600320618527,-0.002685365463122924,0.0,1.3342659192876916,1.1459111728633644
2023-01-25,-0.002532708307660725,-0.002532708307660725,-0.0061706518936435195,0.0,1.3308866129092831,1.1388401539145878
2023-01-26,0.023435418540073655,0.023435418540073655,0.024711124791378714,0.0,1.362076497712193,1.1669821750754041
2023-01-27,0.014253652381866894,0.014253652381866894,0.019173194706551877,0.0,1.3814910626280934,1.1893569515372002
2023-01-30,-0.033703893594828095,-0.033703893594828095,-0.032313719496366744,0.0,1.3349294348510703,1.1509244046241733
2023-01-31,0.016534447312773017,0.01586778064610635,0.0177484129429899,0.6666666666666666,1.3561118023013177,1.1713514862236079
2023-02-01,0.03590824881109074,0.03590824881109074,0.031134847265202437,0.0,1.40480740231401,1.2078213358410477
2023-02-02,0.10215399170547308,0.10215399170547308,0.06496760534058144,0.0,1.5483140860377824,1.2862905957099027
2023-02-03,-0.0051731125740002515,-0.0051731125740002515,-0.021030364130211643,0.0,1.5403044829707988,1.2592394361048567
2023-02-06,-0.006989956511620968,-0.006989956511620968,-0.009286847907480689,0.0,1.5295378216201783,1.2475450709826492
2023-02-07,0.03350953754087582,0.03350953754087582,0.03597775159658667,0.0,1.580791926673949,1.292428937652009
2023-02-08,-0.019650123687744325,-0.019650123687744325,-0.023686115687241438,0.0,1.5497291697902182,1.2618163163172451
2023-02-09,-0.010335266038544214,-0.010335266038544214,-0.013849470920327178,0.0,1.533712306532744,1.2443408279376151
2023-02-10,-0.022241715299917583,-0.022241715299917583,-0.016748423313939775,0.0,1.4995999140588627,1.2235000810044976
2023-02-13,0.024573313484121135,0.024573313484121135,0.02058847169400524,0.0,1.5364500528477922,1.2486900777898717
2023-02-14,0.01678325421663488,0.01678325421663488,0.014933683660737662,0.0,1.5622366846758988,1.2673376204018876
2023-02-15,-0.0026780765036894523,-0.0026780765036894523,0.002688595420139661,0.0,1.5580528953174666,1.2707449785238707
2023-02-16,-0.023515257704177246,-0.023515257704177246,-0.02363221866018672,0.0,1.5214148799673368,1.2407144553300602
2023-02-17,-0.010967188903618622,-0.010967188903618622,-0.01469681272815393,0.0,1.504729235577959,1.222479907330961
2023-02-21,-0.021859666029691582,-0.021859666029691582,-0.025803201588039393,0.0,1.4718363570231117,1.1909360118447725
2023-02-22,0.0007034723112074128,0.0007034723112074128,0.0013495416054796205,0.0,1.4728717531469058,1.192543229542221
2023-02-23,0.04962692853774116,0.04962692853774116,0.04044644325571767,0.0,1.5459658543855848,1.2407773616058906
2023-02-24,-0.014523236488448405,-0.014523236488448405,-0.01800366172071488,0.0,1.5235134266792767,1.218438825716817
2023-02-27,0.004163944343430296,0.004163944343430296,0.006131715661793047,0.0,1.529857251794438,1.2259099461474017
2023-02-28,0.0054254081737300135,0.0047587415070633465,-0.0011808312276352373,0.6666666666666666,1.537137446998434,1.2244623534007222
2023-03-01,-0.014543324322088713,-0.014543324322088713,-0.01357786861774224,0.0,1.5147823585791083,1.2078367644388757
2023-03-02,0.017730782298592002,0.017730782298592002,0.01577091125879071,0.0,1.541640634808822,1.2268854508659461
2023-03-03,0.03425810578926991,0.03425810578926991,0.028019095946772765,0.0,1.59445432276514,1.2612616720294587
2023-03-06,-0.0032549448465718127,-0.0032549448465718127,0.001879120665573497,0.0,1.5892644618841614,1.2636317349020652
2023-03-07,-0.007941143150480851,-0.007941143150480851,-0.010494872243121733,0.0,1.5766438852883673,1.2503700812819136
2023-03-08,0.013022829509809042,0.013022829509809042,0.013815101887721504,0.0,1.5971762498041608,1.267644071352182
2023-03-09,-0.017993787071677203,-0.017993787071677203,-0.019526976587792566,0.0,1.568437000449245,1.2428908152492337
2023-03-10,-0.015626243868190816,-0.015626243868190816,-0.0166367475969168,0.0,1.5439282213883314,1.222213154465406
2023-03-13,0.009742583773943991,0.009742583773943991,0.009312153430593773,0.0,1.5589700714261636,1.233594590884678
2023-03-14,0.04911623618378587,0.04911623618378587,0.0356570810410517,0.0,1.6355408136577845,1.2775809731836558
2023-03-15,0.014637330389136505,0.014637330389136505,0.01232596477400727,0.0,1.6594807649122105,1.2933283912550595
2023-03-16,0.04367954329156849,0.04367954329156849,0.04051249245267563,0.0,1.7319661268247184,1.3457243479446113
2023-03-17,-0.008860102932412536,-0.008860102932412536,-9.351336111340647e-05,0.0,1.7166207286655994,1.3455985047377028
2023-03-20,-0.0025725593837573344,-0.0025725593837573344,-0.00013081275194803954,0.0,1.7122046199017185,1.345422483294281
2023-03-21,0.013076466580888013,0.013076466580888013,0.017243531437923565,0.0,1.7345942063935054,1.368622318182255
2023-03-22,-0.0022664765145217567,-0.0022664765145217567,-0.004639071058983868,0.0,1.730662789362489,1.3622731819952962
2023-03-23,0.02313638218675599,0.02313638218675599,0.018760163601674318,0.0,1.770704065093577,1.3878296497597014
2023-03-24,0.0012655950134509895,0.0012655950134509895,-0.0012871487239265456,0.0,1.7729450593286569,1.3860433065969857
2023-03-27,-0.013194172141456609,-0.013194172141456609,-0.013992024106667444,0.0,1.7495525170185295,1.3666497552381955
2023-03-28,-0.006456654295587949,-0.006456654295587949,-0.006829715028867089,0.0,1.7382562612441652,1.3573159268656476
2023-03-29,0.021396264583633785,0.021396264583633785,0.01875794662680197,0.0,1.7754484521239036,1.3827763865775016
2023-03-30,0.01317722330013408,0.01317722330013408,0.01021716399299466,0.0,1.7988439328354178,1.3969044396848045
2023-03-31,0.016359220662315394,0.016359220662315394,0.017333054111952517,0.0,1.8282716176697396,1.421117059927088
2023-04-03,0.0027961138299428994,0.0027961138299428994,0.0037437495582839375,0.0,1.833383673224798,1.4264373662924597
2023-04-04,-0.0035796313653421166,-0.0035796313653421166,-0.0038209784092539945,0.0,1.8268208355234163,1.420986979913703
2023-04-05,-0.01527138940875224,-0.01527138940875224,-0.014107169221205695,0.0,1.7989227431641162,1.4009408761269304
2023-04-06,0.01772745241462248,0.01772745241462248,0.016303243557103775,0.0,1.8308130604911401,1.4237807564395302
2023-04-10,0.002073626968895681,0.002073626968895681,-0.0019053835731697166,0.0,1.834609483828381,1.421067907974415
2023-04-11,-0.013908638712583297,-0.013908638712583297,-0.013573448192467308,0.0,1.8090925633391333,1.4017791163475464
2023-04-12,-0.007257473309355038,-0.007257473309355038,-0.010607838697739624,0.0,1.7959631223465469,1.3869092695914715
2023-04-13,0.016954683186309917,0.016954683186309917,0.020719980231030943,0.0,1.8264131081002284,1.4156460022396404
2023-04-14,0.0011852509806684992,0.0011852509806684992,0.0035966093866943716,0.0,1.8285778660277099,1.4207375279395318
2023-04-17,0.0021803024464197946,0.0021803024464197946,-0.0013314275480182935,0.0,1.8325647188224792,1.4188459188563296
2023-04-18,0.006235530555407006,0.006235530555407006,0.00542276441136047,0.0,1.8439917321214574,1.4265399860103078
2023-04-19,-7.71716722761666e-05,-7.71716722761666e-05,0.0042227669608645435,0.0,1.8438494281958262,1.4325639319315844
2023-04-20,-0.016637975286509156,-0.016637975286509156,-0.011371462025416945,0.0,1.81317150697746,1.4162735855806423
2023-04-21,-0.0005047946202936618,-0.0005047946202936618,0.0005736807086498263,0.0,1.8122562277550682,1.4170860744148603
2023-04-24,-0.00575741638019774,-0.00575741638019774,-0.0025724241116903412,0.0,1.8018223140642757,1.413440728028695
2023-04-25,-0.02559388366540412,-0.02559388366540412,-0.0229355708119251,0.0,1.7557066833723853,1.3810226581225338
2023-04-26,0.036198501951240226,0.036198501951240226,0.022673301372140076,0.0,1.8192606351762464,1.4123350010519
2023-04-27,0.060432988227775646,0.060432988227775646,0.03717562026747201,0.0,1.929203991725108,1.4648394307414652
2023-04-28,0.01151976398180284,0.01151976398180284,0.005651460677321474,0.0,1.9514279663825331,1.4731179131828904
2023-05-01,0.01606904600767308,0.01606904600767308,0.009978611821913619,0.0,1.982785552154994,1.48781758500645
2023-05-02,-0.013635264325099539,-0.013635264325099539,-0.012068360634242326,0.0,1.9557497470513723,1.4698620658326245
2023-05-03,-0.00900262061465055,-0.00900262061465055,-0.006961963099738067,0.0,1.9381428740614701,1.459628940368593
2023-05-04,-0.006707484870312215,-0.006707484870312215,-0.006258198730106357,0.0,1.9251428100571992,1.4504942923875517
2023-05-05,0.018183788193811758,0.018183788193811758,0.025931547624321594,0.0,1.960149199158119,1.4881078542094062
2023-05-08,0.004029782917350455,0.004029782917350455,0.007435431193886899,0.0,1.9680481749163448,1.4991725777684628
2023-05-09,-0.008271279198393025,-0.008271279198393025,-0.008877564152838802,0.0,1.951769898985724,1.4858635770331465
2023-05-10,0.00901474915047932,0.00901474915047932,0.01726433058985788,0.0,1.9693646150245365,1.5115160170384756
2023-05-11,-0.0020153176100472883,-0.0020153176100472883,0.005498171714162892,0.0,1.9653957198352736,1.5198265916488607
2023-05-12,-0.006800385445279167,-0.006800385445279167,-0.004879544642516276,0.0,1.9520302713878919,1.5124105299460266
2023-05-15,0.014938219136940562,0.014938219136940562,0.007489631001523556,0.0,1.9811901273438257,1.523737926738141
2023-05-16,0.005393509637470724,0.005393509637470724,0.009847770323645033,0.0,1.9918756953893164,1.5387433478740853
2023-05-17,0.019283993700616838,0.019283993700616838,0.017053157021012844,0.0,2.030287013751616,1.5649837798004211
2023-05-18,0.027360020522326625,0.027360020522326625,0.026373145453967517,0.0,2.085835708114073,1.6062573246581975
2023-05-19,-0.006178625583775724,-0.006178625583775724,-0.005880034937431611,0.0,2.0729481102443668,1.5968124754707018
2023-05-22,0.005672299291882657,0.005672299291882657,0.0031555594774130835,0.0,2.0847064923422156,1.601851312211325
2023-05-23,-0.013482666948561001,-0.013482666948561001,-0.01466006823124022,0.0,2.0565990890204624,1.5783680626780052
2023-05-24,0.00021667784957753611,0.00021667784957753611,-0.002112457653338673,0.0,2.0570447084885144,1.5750338269842157
2023-05-25,0.09870616862197952,0.09870616862197952,0.08590038258255661,0.0,2.2600877103475323,1.7103298353026282
2023-05-26,0.02794067198762118,0.02794067198762118,0.022794033722924434,0.0,2.3232360797256066,1.74931515124584
2023-05-30,0.008899368880225132,0.008899368880225132,0.011298822374222972,0.0,2.3439114145949325,1.7690803524163037
2023-05-31,-0.018967028722390752,-0.018967028722390752,-0.02247752038077122,0.0,2.299454379471571,1.7293158127396442
2023-06-01,0.03124489788549896,0.03124489788549896,0.027703897192897786,0.0,2.3713005967505234,1.7772246002298357
2023-06-02,-0.0008865570603268091,-0.0008865570603268091,0.0002496632911466179,0.0,2.369198303464317,1.7776683079726359
2023-06-05,-0.0022772102152771216,-0.0022772102152771216,-0.000498827896259546,0.0,2.363803140885651,1.7767815574303225
2023-06-06,-0.006973764169427151,-0.006973764169427151,-0.003660232197649882,0.0,2.347318535238163,1.7702781243656256
2023-06-07,-0.029668512008928578,-0.029668512008928578,-0.028644188865992626,0.0,2.277677087086669,1.7195699434259615
2023-06-08,0.012383328139416856,0.012383328139416856,0.014699603825095942,0.0,2.3058823098516945,1.7448469403438658
2023-06-09,0.0042845564195238914,0.0042845564195238914,0.003195510698894344,0.0,2.315761992705036,1.7504226174096678
2023-06-12,0.018957248898714713,0.018957248898714713,0.017385541317129993,0.0,2.359662469190929,1.7808546621470824
2023-06-13,0.01578465766295715,0.01578465766295715,0.014720279201986708,0.0,2.396908933467236,1.8070693399920472
2023-06-14,0.02158358163674068,0.02158358163674068,0.019582439372139326,0.0,2.448642813108559,1.8424561657836933
2023-06-15,0.018306149900177128,0.018306149900177128,0.008871327522626204,0.0,2.4934680354973158,1.8588011978764425
2023-06-16,-0.006202216230154378,-0.006202216230154378,-0.006291620295666878,0.0,2.478003007578183,1.847106326534273
2023-06-20,0.0084962428043579,0.0084962428043579,0.00848214740681641,0.0,2.4990567228004967,1.862773754672
2023-06-21,-0.013386476970466132,-0.013386476970466132,-0.013915654622138951,0.0,2.4656031575328394,1.8368520384627995
2023-06-22,0.009825584776952093,0.009825584776952093,0.012650459623820387,0.0,2.4898291503834993,1.8600890610103054
2023-06-23,-0.006419002368820092,-0.006419002368820092,-0.009367993777796513,0.0,2.47384693116923,1.8426637582606133
2023-06-26,-0.03068651417960055,-0.03068651417960055,-0.027271781399204276,0.0,2.397933192237744,1.7924110350530937
2023-06-27,0.026531698065113424,0.026531698065113424,0.020415862104377958,0.0,2.4615544316745095,1.829004651579103
2023-06-28,-0.006810046780615697,-0.006810046780615697,-0.003355934436424013,0.0,2.4447911308417742,1.822866631884489
2023-06-29,-0.007578806331408431,-0.007578806331408431,-0.005957775692661205,0.0,2.4262625323403797,1.8120064013740844
2023-06-30,0.023999681465230495,0.02333301479856383,0.023399902756354285,0.6666666666666666,2.4828745519126785,1.8544071749601294
2023-07-03,-0.0005984729099021515,-0.0005984729099021515,-0.0016855707879296356,0.0,2.481388618754673,1.8512814403970894
2023-07-05,0.00938645879088562,0.00938645879088562,0.003573935988516297,0.0,2.5046800707687864,1.8578978017617969
2023-07-06,-0.009545177860385704,-0.009545177860385704,-0.003961842676031391,0.0,2.480772454009935,1.8505371029630722
2023-07-07,0.005187615018657424,0.005187615018657424,0.00012599022528214654,0.0,2.4936417464502285,1.8507702525495675
2023-07-10,-0.005243572467022523,-0.005243572467022523,-0.01087614240812318,0.0,2.480566155245924,1.8306410117181202
2023-07-11,0.010853323241738858,0.010853323241738858,0.005062156135434259,0.0,2.507488541551326,1.8399080023473666
2023-07-12,0.029344238921508392,0.029344238921508392,0.023706474486625995,0.0,2.5810688844075527,1.8835257344627534
2023-07-13,0.029059939028298322,0.029059939028298322,0.030468499666109317,0.0,2.6560745888162742,1.94091393767434
2023-07-14,-0.007568471591575143,-0.007568471591575143,-0.0032014158523119285,0.0,2.6359721637457136,1.9347002650262963
2023-07-17,0.006388869776922582,0.006388869776922582,0.010101810987552362,0.0,2.652813046635478,1.9542442414211594
2023-07-18,0.007124067409299717,0.007124067409299717,0.01305961085081786,0.0,2.6717118656039784,1.9797659107215715
2023-07-19,0.007652382628182944,0.007652382628182944,-0.0033691329192050423,0.0,2.6921568270718366,1.9730958162194394
2023-07-20,-0.03855185898000535,-0.03855185898000535,-0.02808293199387335,0.0,2.5883691767225043,1.917685500595153
2023-07-21,-0.017866673148973167,-0.017866673148973167,-0.014134017551999833,0.0,2.5421236306531267,1.8905809000705256
2023-07-24,-0.0037993928028996478,-0.0037993928028996478,0.003999625909742566,0.0,2.532465104426742,1.898142516422912
2023-07-25,0.0120957257994642,0.0120957257994642,0.014141643083607658,0.0,2.5630971079265996,1.9249853704119857
2023-07-26,0.00045479311293124703,0.00045479311293124703,0.0022192108581542414,0.0,2.5642627868390586,1.929257318847792
2023-07-27,0.018215569291340755,0.018215569291340755,0.004223084712011493,0.0,2.610972293313932,1.9374047359365543
2023-07-28,0.031190472592842834,0.031190472592842834,0.022858231780481075,0.0,2.6924097530692124,1.9816903824431937
2023-07-31,-0.003489476513195644,-0.004156143179862311,-0.002041441381976261,0.6666666666666666,2.681219712636599,1.9776448776902098
2023-08-01,0.003133096983018927,0.003133096983018927,-0.003288202011116792,0.0,2.689620234029072,1.971141981826114
2023-08-02,-0.03347803550437645,-0.03347803550437645,-0.03233992835999755,0.0,2.599577032340957,1.9073953913464738
2023-08-03,-0.00019039565304283324,-0.00019039565304283324,0.0005645145857964273,0.0,2.5990820841742495,1.90847214386577
2023-08-04,-0.00023978477181093227,-0.00023978477181093227,-0.001195611522567086,0.0,2.598458863869778,1.9061903525800656
2023-08-07,0.014121875300985371,0.014121875300985371,0.011969732086099416,0.0,2.635153975920087,1.9290069404055563
2023-08-08,-0.01375387754907701,-0.01375387754907701,-0.009848486812997992,0.0,2.5989103908123186,1.9100091409907907
2023-08-09,-0.027574304701499797,-0.027574304701499797,-0.026158773923403822,0.0,2.5272472438041658,1.860045643679978
2023-08-10,2.586513890734496e-06,2.586513890734496e-06,-0.0006541911673496603,0.0,2.5272537805642674,1.8588288182490154
2023-08-11,-0.018507075348403568,-0.018507075348403568,-0.015486054663838567,0.0,2.480481704422827,1.8300428935588926
2023-08-14,0.031818965554967285,0.031818965554967285,0.032817558418639425,0.0,2.559408066335583,1.8901004331268776
2023-08-15,-0.005433723693259747,-0.005433723693259747,-0.006034363707953849,0.0,2.5455009500848154,1.878694879668829
2023-08-16,-0.012709744118165759,-0.012709744118165759,-0.010325888795509108,0.0,2.5131482843566895,1.8592956852606763
2023-08-17,-0.015171195100890413,-0.015171195100890413,-0.007397309846111089,0.0,2.475020821417246,1.8455418989812657
2023-08-18,-0.002918115848464279,-0.002918115848464279,-0.004215464517036027,0.0,2.4677984239329893,1.837762082591407
2023-08-21,0.04175113394240422,0.04175113394240422,0.03938147934212455,0.0,2.5708318064734694,1.9101358720827202
2023-08-22,-0.011263260179200985,-0.011263260179200985,-0.009483636723322308,0.0,2.5418758589601933,1.8920208373797012
2023-08-23,0.022958008063556967,0.022958008063556967,0.02425523954468889,0.0,2.600232265426762,1.9379122560138886
2023-08-24,-0.015318844789291092,-0.015318844789291092,-0.014102001228829097,0.0,2.5603997109365824,1.9105838149982177
2023-08-25,-0.006409779173984924,-0.006409779173984924,-0.005778403809520216,0.0,2.543988114192344,1.8995436902032243
2023-08-28,0.012218447498020996,0.012218447498020996,0.011331805116972626,0.0,2.5750716994011924,1.9210689491117823
2023-08-29,0.02759876399120076,0.02759876399120076,0.029063499498185763,0.0,2.6461404954933863,1.9769019355502728
2023-08-30,0.0004326611662680926,0.0004326611662680926,0.007449215297500755,0.0,2.6472853777262757,1.9916283036902327
2023-08-31,0.0004639668913904994,-0.00020269977527616724,0.0026047249960283736,0.6666666666666666,2.6467487735751187,1.9968159477156522
2023-09-01,-0.0048960461312158214,-0.0048960461312158214,-0.005371870998390871,0.0,2.633790169481956,1.986089310036994
2023-09-05,0.0024567041730067327,0.0024567041730067327,0.003484517228103279,0.0,2.6402606127821464,1.9930098724543697
2023-09-06,-0.015909653479478626,-0.015909653479478626,-0.02025234013758137,0.0,2.598254981337267,1.9526467586198661
2023-09-07,-0.00023325173928101484,-0.00023325173928101484,-0.01017563636655705,0.0,2.5976489338437743,1.932777335251814
2023-09-08,-0.004774345531601461,-0.004774345531601461,-0.0018077328891625832,0.0,2.585246860263808,1.9292833900954514
2023-09-11,0.01968242238051014,0.01968242238051014,0.005934725832059007,0.0,2.6361307809254075,1.9407331580680132
2023-09-12,-0.013022892821419847,-0.013022892821419847,-0.012519183287195257,0.0,2.60180073230217,1.9164367639506223
2023-09-13,0.016869727924503364,0.016869727924503364,0.009939088920370542,0.0,2.645692402769881,1.9354843993577948
2023-09-14,0.007681667792666842,0.007681667792666842,0.006986539065521491,0.0,2.6660157328895413,1.9490067367246156
2023-09-15,-0.03446751791257452,-0.03446751791257452,-0.02481302190981205,0.0,2.5741247878609657,1.9006459898638963
2023-09-18,0.00201393792577087,0.00201393792577087,0.0040289391890571125,0.0,2.5793089153969055,1.9083035769769832
2023-09-19,-0.006200949964854984,-0.006200949964854984,-0.003566603595857587,0.0,2.563314749868625,1.901497414577349
2023-09-20,-0.021379349576676934,-0.021379349576676934,-0.025316750071967542,0.0,2.5085127477561313,1.853357679770002
2023-09-21,-0.02871060982660193,-0.02871060982660193,-0.021060699413929185,0.0,2.436491817010248,1.8143246707698688
2023-09-22,0.0080538330485402,0.0080538330485402,0.005598031080252586,0.0,2.456114915328583,1.8244813166665075
2023-09-25,0.01240352823128828,0.01240352823128828,0.009583090635250535,0.0,2.4865794060201494,1.8419654864864439
2023-09-26,-0.017960201517730884,-0.017960201517730884,-0.015472357920924495,0.0,2.441919938798188,1.8134659372015358
2023-09-27,0.003069731597216981,0.003069731597216981,0.005777927848652498,0.0,2.449415977592191,1.8239440125426754
2023-09-28,0.011837894241085722,0.011837894241085722,0.010393482750871819,0.0,2.478411904887353,1.8429011431755935
2023-09-29,0.0020756383802318368,0.0014089717135651702,0.0024648547111494334,0.6666666666666666,2.4819039171559028,1.8474436267405325
2023-10-02,0.025602379959283196,0.025602379959283196,0.02357435727228907,0.0,2.5454465642653616,1.8909959228377273
2023-10-03,-0.020126931558640832,-0.020126931558640832,-0.022143015766481144,0.0,2.494214535480215,1.84912357030398
2023-10-04,0.016226172482685465,0.016226172482685465,0.01442571803426107,0.0,2.534686090741739,1.8757985055396913
2023-10-05,0.0036160317238797344,0.0036160317238797344,0.005611405556635862,0.0,2.543851596055938,1.886324371696806
2023-10-06,0.02584201038687032,0.02584201038687032,0.02246290563480846,0.0,2.6095898354238725,1.9286966980548705
2023-10-09,0.0015695077896782004,0.0015695077896782004,0.0005012060743847524,0.0,2.6136856069984353,1.9296633725555814
2023-10-10,0.006642181634188208,0.006642181634188208,0.004598654315810302,0.0,2.6310461815347823,1.938537227351845
2023-10-11,0.019542017733787054,0.019542017733787054,0.01727230862610396,0.0,2.6824621326727476,1.972020240625858
2023-10-12,-0.00647884714126005,-0.00647884714126005,-0.0014342385843900685,0.0,2.6650828705529426,1.9691918931075543
2023-10-13,-0.024136995262898364,-0.024136995262898364,-0.021184805569284038,0.0,2.6007557779311745,1.9274749457234603
2023-10-16,0.015713989072401697,0.015713989072401697,0.012936627014044078,0.0,2.6416240258055703,1.9524099701751996
2023-10-17,-0.011154364454125284,-0.011154364454125284,-0.01784197330692594,0.0,2.612158388670961,1.9175751236031575
2023-10-18,-0.024647026363580217,-0.024647026363580217,-0.02254691203394632,0.0,2.5477764519995407,1.8743397259727934
2023-10-19,-0.005632579449116954,-0.005632579449116954,-0.002139279834148411,0.0,2.533425898715064,1.8703299887946765
2023-10-20,-0.015288717015556598,-0.015288717015556598,-0.016154612782379507,0.0,2.4946930670697274,1.8401155320504263
2023-10-23,0.020790926164654683,0.020790926164654683,0.018702930132717732,0.0,2.54656004643065,1.8745310842824943
2023-10-24,0.009427668800463307,0.009427668800463307,0.01006737217553888,0.0,2.5705681711288904,1.8934026863625826
2023-10-25,-0.05996663074799491,-0.05996663074799491,-0.037283869433587524,0.0,2.4164198587982555,1.8228093078190362
2023-10-26,-0.03287135785604796,-0.03287135785604796,-0.031289770855745025,0.0,2.336988856889237,1.7657740222636593
2023-10-27,0.010825688556803548,0.010825688556803548,0.011518830464286589,0.0,2.3622883704146407,1.7861136738643557
2023-10-30,0.01834991140531842,0.01834991140531842,0.019181027914289883,0.0,2.4056361527255636,1.8203731701008428
2023-10-31,-0.005634012446502597,-0.006300679113169264,-0.003254944993453246,0.6666666666666666,2.3904790112642007,1.8144479555646065
2023-11-01,0.03412765959722952,0.03412765959722952,0.028928219870559824,0.0,2.472060465234947,1.8669367049668673
2023-11-02,0.010856916258620952,0.010856916258620952,0.015560473655914953,0.0,2.4988994186922504,1.8959871243817648
2023-11-03,0.016764078148948796,0.016764078148948796,0.01713960704381834,0.0,2.5407911638335703,1.9284835986538074
2023-11-06,0.00953841895942135,0.00953841895942135,0.012217596596901359,0.0,2.5650262944426108,1.9520450333059003
2023-11-07,0.011758605047358001,0.011758605047358001,0.008929113350306883,0.0,2.5951874255750496,1.9694750646731922
2023-11-08,0.00402204748282616,0.00402204748282616,0.00792563777346933,0.0,2.6056253926275454,1.9850844106396721
2023-11-09,2.155510247444292e-05,2.155510247444292e-05,-0.0007992769570800418,0.0,2.6056815571498935,1.983497778412389
2023-11-10,0.025398456153233218,0.025398456153233218,0.025149579663982236,0.0,2.6718618459284533,2.033381913803903
2023-11-13,0.00013895122169475327,0.00013895122169475327,-0.001202479377707455,0.0,2.6722331043961445,2.0309368139855506
2023-11-14,0.021816474042408197,0.021816474042408197,0.017249689540242086,0.0,2.730531808553467,2.06596984350265
2023-11-15,-0.01466790311146467,-0.01466790311146467,-0.006736186612088968,0.0,2.6904806325428323,2.0520530851018677
2023-11-16,0.0046579077382991425,0.0046579077382991425,0.011332578697204942,0.0,2.7030126431008976,2.075308138179627
2023-11-17,0.005106133213892083,0.005106133213892083,-0.00423818779145646,0.0,2.716814585735405,2.0665125925648837
2023-11-20,0.014598299512972607,0.014598299512972607,0.015981212860211702,0.0,2.7564754587791827,2.0995379701849712
2023-11-21,-0.01109336410831422,-0.01109336410831422,-0.007137633588214176,0.0,2.725896872859313,2.084552237449248
2023-11-22,0.0027745765369639646,0.0027745765369639646,-0.002361537980975159,0.0,2.7334600823649318,2.0796294881671846
2023-11-24,-0.009545812470702778,-0.009545812470702778,-0.011272058206810986,0.0,2.7073669850225244,2.0561877835279634
2023-11-27,0.002021253443573771,0.002021253443573771,0.0029836689508038194,0.0,2.712839259864019,2.062322767174698
2023-11-28,-0.00021594796165536057,-0.00021594796165536057,0.0007909693154084518,0.0,2.712253427755553,2.0639540012020015
2023-11-29,-0.006062748707761282,-0.006062748707761282,-0.004853523339416466,0.0,2.695809716791307,2.0539365522856854
2023-11-30,-0.01507743621595366,-0.01507743621595366,-0.014441551565893884,0.0,2.655163817736038,2.0242745216527775
2023-12-01,-0.0002647907883121343,-0.0002647907883121343,-0.0018502975229574004,0.0,2.654460754815642,2.0205290115195775
2023-12-04,-0.01883638000218768,-0.01883638000218768,-0.01901847857085326,0.0,2.6044603233370403,1.9821016238122051
2023-12-05,0.010657532294400324,0.010657532294400324,0.015530677645643642,0.0,2.6322174433424887,2.012885005192539
2023-12-06,-0.013844832266445504,-0.013844832266445504,-0.013330131645812426,0.0,2.5957748343505997,1.9860529830854408
2023-12-07,0.02304742931707637,0.02304742931707637,0.02321636481286249,0.0,2.655600771368341,2.032161913678426
2023-12-08,0.01402250666861149,0.01402250666861149,0.009673197842117842,0.0,2.692838950894023,2.0518194179166542
2023-12-11,-0.017110222941987274,-0.017110222941987274,-0.014952404832640931,0.0,2.646763876097359,2.0211397833364906
2023-12-12,0.020157666479427995,0.020157666479427995,0.01339702272005705,0.0,2.700116459561528,2.048217038934261
2023-12-13,0.006607019050417569,0.006607019050417569,0.00677183747384813,0.0,2.717956180448197,2.06208723183309
2023-12-14,-0.0029275312469188757,-0.0029275312469188757,-0.00322695296465092,0.0,2.7099992788021785,2.0554329733269574
2023-12-15,0.011239603778176935,0.011239603778176935,0.008260762223012641,0.0,2.7404585969350603,2.0724124163849513
2023-12-18,0.026860099443553127,0.026860099443553127,0.017115851509499125,0.0,2.814067587369676,2.1078835195702386
2023-12-19,0.001797563534653583,0.001797563534653583,5.9795133168005776e-05,0.0,2.8191260526487825,2.108009560745994
2023-12-20,-0.014679860509843561,-0.014679860509843561,-0.013181280658147498,0.0,2.7777416754362325,2.080223295095743
2023-12-21,0.014449450270038595,0.014449450270038595,0.01234584993951282,0.0,2.817878515638462,2.105905419737674
2023-12-22,-0.002657738903178293,-0.002657738903178293,-0.0008937768629327936,0.0,2.8103893302830194,2.1040232101979877
2023-12-26,0.0044016743296325656,0.0044016743296325656,0.0034500792861289487,0.0,2.8227597488544,2.111282257093026
2023-12-27,0.003599516518073479,0.003599516518073479,0.0005490343425531563,0.0,2.8329203191969543,2.1124414235589932
2023-12-28,0.0012517304573061623,0.0012517304573061623,0.0016131261300234012,0.0,2.8364663718436143,2.11584905801748
2023-12-29,-0.007185449163214693,-0.00785211582988136,-0.0031359346086963225,0.6666666666666666,2.814194109344335,2.1092138937296654
2024-01-02,-0.019963910113201158,-0.019963910113201158,-0.02240463085375244,0.0,2.7580117911042845,2.0619577350490466
2024-01-03,-0.004087811376467743,-0.004087811376467743,-0.006274846413638846,0.0,2.746737559128176,2.049019266950199
2024-01-04,-0.0005001709457920964,-0.0005001709457920964,-0.003542838409489768,0.0,2.7453637208053845,2.0417599227894634
2024-01-05,0.010657513392076618,0.010657513392076618,0.00900057319754577,0.0,2.774622471425989,2.0601369324263454
2024-01-08,0.03541969226810944,0.03541969226810944,0.03784935014655422,0.0,2.8728987455240786,2.1381117765315985
2024-01-09,0.009580936706688912,0.009580936706688912,0.009600371968017107,0.0,2.9004238065696706,2.1586384448955
2024-01-10,0.022896283297094623,0.022896283297094623,0.018819215427782865,0.0,2.9668327317265275,2.1992623268206826
2024-01-11,0.0017064774967560832,0.0017064774967560832,0.0039036988205307654,0.0,2.9718955650198584,2.20784758457193
2024-01-12,0.005002454379119687,0.005002454379119687,0.0026454834798308458,0.0,2.9867623370033782,2.2136884088828994
2024-01-16,0.0035558734016946075,0.0035558734016946075,0.007975222513128655,0.0,2.9973828857547113,2.231343066518474
2024-01-17,-0.003505863907566427,-0.003505863907566427,-0.004745144071756413,0.0,2.9868744692783866,2.220755022194329
2024-01-18,0.0180258610843221,0.0180258610843221,0.018599854052280262,0.0,3.040715453537907,2.262060741493012
2024-01-19,0.027139846696968856,0.027139846696968856,0.02630503339821555,0.0,3.1232400047960294,2.321564324846778
2024-01-22,-0.001426574095658939,-0.001426574095658939,0.000829514635974915,0.0,3.118784471510662,2.3234900964325953
2024-01-23,0.006607221993252699,0.006607221993252699,0.0057781630282385255,0.0,3.1393909728630423,2.3369156010042804
2024-01-24,0.01681234624467135,0.01681234624467135,0.01440152542477846,0.0,3.1921715008962117,2.370570750447705
2024-01-25,0.01060702329395317,0.01060702329395317,0.006362385840751994,0.0,3.2260309383645116,2.3856532362248544
2024-01-26,-0.0016538244181469874,-0.0016538244181469874,-0.0042036111168867185,0.0,3.220695649624947,2.3756248777600226
2024-01-29,0.01654177600737213,0.01654177600737213,0.015180873507947945,0.0,3.2739716756489603,2.411688938531632
2024-01-30,-0.0036004196004082445,-0.0036004196004082445,-0.0039793422889952135,0.0,3.262184003856772,2.402092002750631
2024-01-31,-0.03988808385973344,-0.04055475052640011,-0.029421221485961824,0.6666666666666666,3.129886945409148,2.331419521908047
2024-02-01,0.017288996042692368,0.017288996042692368,0.018221584068401908,0.0,3.183999548422401,2.3739016787252076
2024-02-02,0.09043709198774899,0.09043709198774899,0.05163977877586956,0.0,3.471951208472029,2.4964894362502426
2024-02-05,0.0005329823587114646,0.0005329823587114646,0.01574253625705868,0.0,3.4738016972164516,2.535790511715776
2024-02-06,-0.008866313753008243,-0.008866313753008243,-0.00724207845269087,0.0,3.4430018814531977,2.517426117890341
2024-02-07,0.02710320592386761,0.02710320592386761,0.02039672763182332,0.0,3.5363182704424876,2.5687733727501887
2024-02-08,-0.001838562668932046,-0.001838562668932046,-0.003323019878080813,0.0,3.5298165276849898,2.560237287770255
2024-02-09,0.015771268825240194,0.015771268825240194,0.022034678827442145,0.0,3.585486213046886,2.616651294128314
2024-02-12,-0.003098989530769961,-0.003098989530769961,-0.003955754574175074,0.0,3.5743748288099337,2.606300463802545
2024-02-13,-0.013971421571445597,-0.013971421571445597,-0.010664288584906756,0.0,3.5244357312222663,2.5785061235175784
2024-02-14,0.02094465287894165,0.02094465287894165,0.01654950543271272,0.0,3.5982538142068554,2.6211791246170155
2024-02-15,-0.0004159113061334612,-0.0004159113061334612,-0.009066855430492904,0.0,3.596757259763189,2.597413272436687
2024-02-16,-0.009631679050887168,-0.009631679050887168,-0.006806238393217812,0.0,3.5621144482132014,2.579734658498775
2024-02-20,-0.016664143562987916,-0.016664143562987916,-0.021045191517243267,0.0,3.502754861660383,2.525443648546998
2024-02-21,-0.012285406603265863,-0.012285406603265863,-0.011006030905520992,0.0,3.459722093953319,2.497648537700938
2024-02-22,0.07540947176358766,0.07540947176358766,0.08294168548166647,0.0,3.720617909507152,2.704807717158673
2024-02-23,-0.0013165434691533677,-0.0013165434691533677,-0.0003385408760127051,0.0,3.7157195542971757,2.70389202918466
2024-02-26,-0.0026885644997381997,-0.0026885644997381997,-0.006028175395505153,0.0,3.705729602612509,2.6875924937822266
2024-02-27,0.001977102792928842,0.001977102792928842,0.0004925753685987022,0.0,3.7130562109596736,2.6889163356454944
2024-02-28,-0.006273705358166218,-0.006273705358166218,-0.009697897194738458,0.0,3.689761590313804,2.6628395014571513
2024-02-29,0.015266884502633285,0.01460021783596662,0.014716424837873276,0.6666666666666666,3.743632913295168,2.7020269788356654
2024-03-01,0.024373935323302266,0.024373935323302266,0.020824624133181757,0.0,3.83487997979801,2.7582956750676346
2024-03-04,0.008059238818587017,0.008059238818587017,0.009755411908032974,0.0,3.86578619339582,2.7852039855420654
2024-03-05,-0.008968524609071677,-0.008968524609071677,-0.006175345226645312,0.0,3.8311157947869403,2.7680043894047146
2024-03-06,0.013432645516049096,0.013432645516049096,0.014950103855634334,0.0,3.8825778151892503,2.8093863424991667
2024-03-07,0.0320923571849326,0.0320923571849326,0.03167409480511818,0.0,4.007178889232598,2.8983711118556896
2024-03-08,-0.02532453342832556,-0.02532453342832556,-0.028974875468584904,0.0,3.905698953498947,2.814391169827927
2024-03-11,-0.02785541375067091,-0.02785541375067091,-0.013865706997053695,0.0,3.7969040931636715,2.775367646491998
2024-03-12,0.04164502011642009,0.04164502011642009,0.04416909250382095,0.0,3.95502624050359,2.897953116802015
2024-03-13,-0.0042817692392423945,-0.0042817692392423945,-0.006310366864121786,0.0,3.9380917308066055,2.879665969479969
2024-03-14,-0.009178157111769985,-0.009178157111769985,-0.00958132039218429,0.0,3.9019473061807,2.852074967203911
2024-03-15,-0.013719072873210057,-0.013719072873210057,-0.008287792069107125,0.0,3.8484162067397816,2.82843756291022
2024-03-18,0.011328560596058468,0.011328560596058468,0.012497421268563791,0.0,3.892013222936687,2.863785738665739
2024-03-19,0.0057700164773037965,0.0057700164773037965,0.0075512169795701745,0.0,3.914470203362916,2.8854108061614023
2024-03-20,0.014129128114723109,0.014129128114723109,0.012132410455247156,0.0,3.9697782543674967,2.920417794393758
2024-03-21,0.00539774726998902,0.00539774726998902,0.0025441009861240094,0.0,3.991206114102471,2.927847632184369
2024-03-22,0.012946536591746566,0.012946536591746566,0.018760814031910655,0.0,4.042878410103901,2.98277643712555
2024-03-25,-0.00020509426802595154,-0.00020509426802595154,-0.00033746792902145106,0.0,4.042049238915663,2.981769845738579
2024-03-26,-0.01590490639702269,-0.01590490639702269,-0.015465397868996256,0.0,3.9777608241185525,2.9356555887204565
2024-03-27,-0.006826588247401232,-0.006826588247401232,-0.01024562771620452,0.0,3.950606288825652,2.9055779544554317
2024-03-28,-0.004177635351572562,-0.004177635351572562,-0.0022696960323875803,0.0,3.934102096333309,2.8989831757004114
2024-04-01,0.005077015881897425,0.005077015881897425,0.005399348433962059,0.0,3.954075595157399,2.9146357959702116
2024-04-02,0.0002077329929479994,0.0002077329929479994,-0.005936842362325945,0.0,3.9548969871151236,2.897332062705944
2024-04-03,0.007634249023327729,0.007634249023327729,0.0005396320706714253,0.0,3.9850896555763686,2.898895556006365
2024-04-04,-0.013115984059037354,-0.013115984059037354,-0.021140838988392363,0.0,3.9328212831799942,2.8376104718126682
2024-04-05,0.028261846682842224,0.028261846682842224,0.021606196750220574,0.0,4.0439700753162455,2.898920441967139
2024-04-08,-0.008211764748756586,-0.008211764748756586,-0.005623816407360538,0.0,4.010761944406737,2.882617445621971
2024-04-09,-0.007450346470668408,-0.007450346470668408,-0.007547399455072545,0.0,3.9808803783095352,2.860861180283701
2024-04-10,0.008972701686956075,0.008972701686956075,0.007744402750453405,0.0,4.016599630395564,2.8830168414769557
2024-04-11,0.021391160046332052,0.021391160046332052,0.02937088251842468,0.0,4.102519355931394,2.9676935904266153
2024-04-12,-0.021261733964137292,-0.021261733964137292,-0.018585737280078285,0.0,4.015292680802856,2.912536817027174
2024-04-15,-0.020353326321382426,-0.020353326321382426,-0.022073502767956943,0.0,3.9335681185946174,2.848246927534748
2024-04-16,0.004622751504081757,0.004622751504081757,0.005649744990038563,0.0,3.951752026531259,2.86433879634398
2024-04-17,-0.020326427195087704,-0.020326427195087704,-0.02135535833097979,0.0,3.871427026670931,2.803169814966727
2024-04-18,0.00388146190842901,0.00388146190842901,0.002201136189882602,0.0,3.886453823206217,2.8093399734928366
2024-04-19,-0.05565605949413876,-0.05565605949413876,-0.05829228297038458,0.0,3.6701491180006287,2.6455771327979796
2024-04-22,0.019934571718091727,0.019934571718091727,0.02389676118333761,0.0,3.743311968809503,2.7087978577325518
2024-04-23,0.026465516202451557,0.026465516202451557,0.02559112117409912,0.0,3.842380652370862,2.7781190319459257
2024-04-24,-0.01832921619131067,-0.01832921619131067,-0.01492257249755713,0.0,3.7719528267042475,2.7366623492848694
2024-04-25,-0.028353647686097563,-0.028353647686097563,-0.0017767767833731796,0.0,3.6650042051672953,2.7317999111587286
2024-04-26,0.033447798480574255,0.033447798480574255,0.047142627870928155,0.0,3.7875905272521884,2.860584137788319
2024-04-29,-0.005453087038066721,-0.005453087038066721,-0.00522219176925065,0.0,3.7669364664425253,2.845645618848712
2024-04-30,-0.018012940396188653,-0.018012940396188653,-0.01852646991560969,0.0,3.6990828643962668,2.792925850900625
2024-05-01,0.001641946239451797,0.001641946239451797,-0.013353971872343329,0.0,3.705156559594883,2.7556291976461575
2024-05-02,0.023684724944872244,0.023684724944872244,0.023943377591737702,0.0,3.7929121735865765,2.821608268028217
2024-05-03,0.021990997272504975,0.021990997272504975,0.028541650868147306,0.0,3.87632209485077,2.902141626100956
2024-05-06,0.027156569874130287,0.027156569874130287,0.02392905508673948,0.0,3.98158970667422,2.9715871329414454
2024-05-07,-0.0037992216020864555,-0.0037992216020864555,-0.006257476104650328,0.0,3.9664627650499784,2.952992497464178
2024-05-08,0.0012390553070906751,0.0012390553070906751,-0.0009495754485323582,0.0,3.9713774317893913,2.9501884082888856
2024-05-09,-0.001490023142098229,-0.001490023142098229,-0.005780447760146523,0.0,3.9654599875100183,2.9331349983121817
2024-05-10,0.0012417700419280848,0.0012417700419280848,0.0045191289343364804,0.0,3.9703841769249726,2.946390213551369
2024-05-13,-0.005418647393611974,-0.005418647393611974,0.0024729804548853096,0.0,3.9488700650530397,2.953676578961947
2024-05-14,0.007157111220143545,0.007157111220143545,0.008479166661772064,0.0,3.97713256730252,2.978721294939938
2024-05-15,0.016866945296424296,0.016866945296424296,0.023987557551074623,0.0,4.04421464475184,3.050173543430921
2024-05-16,-0.010936605501532193,-0.010936605501532193,-0.003293239012437277,0.0,3.99998466461867,3.0401285929229904
2024-05-17,-0.00562879565599043,-0.00562879565599043,-0.008467558398771113,0.0,3.977469568314436,3.0143861265226413
2024-05-20,0.004031838609038366,0.004031838609038366,0.013640651496091838,0.0,3.993506083686241,3.055504317149191
2024-05-21,-0.001570323665741021,-0.001570323665741021,0.004472490872777568,0.0,3.9872349865737475,3.069170032319373
2024-05-22,0.0006998583453934335,0.0006998583453934335,-0.0029944671121027167,0.0,3.990025486254146,3.0599795035961415
2024-05-23,0.0258543365713891,0.0258543365713891,0.039241512815172186,0.0,4.093184948104181,3.1800577285006737
2024-05-24,0.01692456664543529,0.01692456664543529,0.019111566373082978,0.0,4.162460329550463,3.24083361284915
2024-05-28,0.027034841951871853,0.027034841951871853,0.03793252844114936,0.0,4.274991786690796,3.363766626041583
2024-05-29,-0.001395533277876004,-0.001395533277876004,0.0027200627713459546,0.0,4.269025893389823,3.3729162824125747
2024-05-30,-0.022636590247757507,-0.022636590247757507,-0.02812159769408551,0.0,4.17238970348409,3.278064487662738
2024-05-31,-0.008125953728363814,-0.00879262039503048,-0.004279303748481622,0.6666666666666666,4.135703464681221,3.264036654012918
2024-06-03,0.025224397993738396,0.025224397993738396,0.029573823639336583,0.0,4.2400240948584225,3.3605666983710263
2024-06-04,0.005009537935639259,0.005009537935639259,0.008154214934279924,0.0,4.26126465640964,3.387969481530527
2024-06-05,0.03292034805117927,0.03292034805117927,0.035777704743639394,0.0,4.401546972036835,3.5091832533211873
2024-06-06,-0.0022926898369377557,-0.0022926898369377557,-0.005268981929643424,0.0,4.391455590027242,3.4906934301716306
2024-06-07,-0.0051244476199892395,-0.0051244476199892395,-0.001367715264843361,0.0,4.368951805880639,3.4859191554822964
2024-06-10,0.010440112816049544,0.010440112816049544,0.006444021741804251,0.0,4.414564155621917,3.5083824943103963
2024-06-11,0.003914996015070023,0.003914996015070023,0.0056650585064979,0.0,4.431847156699447,3.5282576864038377
2024-06-12,0.014934999631840416,0.014934999631840416,0.024740595951089794,0.0,4.498036792353126,3.615548884234482
2024-06-13,0.003705243232530852,0.003705243232530852,0.01646423996203028,0.0,4.514703112737667,3.6750761486589694
2024-06-14,0.00931063805148476,0.00931063805148476,0.010235757874164975,0.0,4.556737879330279,3.7126933382857614
2024-06-17,0.00020671038778138006,0.00020671038778138006,0.0001293722897393046,0.0,4.557679804384334,3.7131736579240355
2024-06-18,0.0029654542370295793,0.0029654542370295793,0.015100474154933874,0.0,4.571195395271269,3.7692443407782985
2024-06-20,-0.008022768352406931,-0.008022768352406931,-0.020136702248364835,0.0,4.534521753521419,3.693344189786712
2024-06-21,-0.009032088535933106,-0.009032088535933106,-0.016334774271719033,0.0,4.493565551575499,3.633014246138781
2024-06-24,-0.020258624580936302,-0.020258624580936302,-0.037395997708997375,0.0,4.402532094036303,3.4971540537134205
2024-06-25,0.03927785525227612,0.03927785525227612,0.04266933702912734,0.0,4.575454112369361,3.6463752986740974
2024-06-26,0.0021930036792971266,0.0021930036792971266,0.005922147653782295,0.0,4.585488100072242,3.66796967159395
2024-06-27,0.0006016647698829556,0.0006016647698829556,-0.006507529669017242,0.0,4.588247026714773,3.644100250130997
2024-06-28,-0.016912342964626514,-0.016912342964626514,-0.010949254376562356,0.0,4.510649019392544,3.6042000695186185
2024-07-01,0.003891889462299162,0.003891889462299162,0.010098302129414316,0.0,4.528203966779248,3.6405963707554734
2024-07-02,0.0029109651067012647,0.0029109651067012647,-0.0018404072338304989,0.0,4.541385410522569,3.6338961908592777
2024-07-03,0.0165888650213261,0.0165888650213261,0.02496583200505187,0.0,4.616721840107548,3.7246194326840683
2024-07-05,0.021785067041718082,0.021785067041718082,0.002095496760657456,0.0,4.717297434907255,3.7324243606399397
2024-07-08,-0.0030056759825675128,-0.0030056759825675128,0.007326841367099934,0.0,4.703118767304527,3.7597712418450477
2024-07-09,0.008608518337287966,0.008608518337287966,0.012289970929201699,0.0,4.7436056514553115,3.805978721107772
2024-07-10,0.015786187665015976,0.015786187665015976,0.020137475835752205,0.0,4.818489100478016,3.8826215256354666
2024-07-11,-0.042045731568650616,-0.042045731568650616,-0.04345925184642807,0.0,4.615892201192848,3.7138856989285123
2024-07-12,-0.005075451676163116,-0.005075451676163116,0.005913494122091745,0.0,4.592464463383315,3.7358477401792465
2024-07-15,-0.0012444946691632837,-0.0012444946691632837,-0.0017206463608274714,0.0,4.586749165840313,3.7294196673605016
2024-07-16,-0.014341794321421204,-0.014341794321421204,-0.012214302526567189,0.0,4.520966952699881,3.683867407294831
2024-07-17,-0.04625535104664461,-0.04625535104664461,-0.04793135999306952,0.0,4.311848039232469,3.507294632429047
2024-07-18,0.012626110783835093,0.012626110783835093,0.010227855847810385,0.0,4.36628991025888,3.5431667363453303
2024-07-19,-0.008096562663654511,-0.008096562663654511,-0.014789611915820067,0.0,4.330937970392786,3.4907646753617403
2024-07-22,0.030798225196636622,0.030798225196636622,0.03095671889939311,0.0,4.464323173317608,3.5988272961608447
2024-07-23,-0.0014608263713246452,-0.0014608263713246452,-0.0018010924243132553,0.0,4.45780157229591,3.592345475581318
2024-07-24,-0.05817617433874544,-0.05817617433874544,-0.055572577315143645,0.0,4.19846373085849,3.3927095788968686
2024-07-25,-0.021758011361959165,-0.021758011361959165,-0.01761368193123769,0.0,4.107113509299697,3.3329514714891157
2024-07-26,0.010792919222705902,0.010792919222705902,0.008724363391112933,0.0,4.151441253644053,3.3620293512913313
2024-07-29,0.0007230668758251667,0.0007230668758251667,-0.004477215098833254,0.0,4.154443023301496,3.3469768227170094
2024-07-30,-0.023788201781460648,-0.023788201781460648,-0.03812805309242984,0.0,4.0556162943736185,3.219363112721323
2024-07-31,0.05353055082758732,0.05286388416092065,0.07042717226473227,0.6666666666666666,4.270011924360527,3.446093753243672
2024-08-01,-0.011747481951486668,-0.011747481951486668,-0.03474753250318763,0.0,4.219850036346469,3.326350498543806
2024-08-02,-0.010060583164153813,-0.010060583164153813,-0.02042741040285323,0.0,4.177395884115548,3.2584017717663163
2024-08-05,-0.04572259167944988,-0.04572259167944988,-0.05146080865763625,0.0,3.986394517822718,3.090721781659747
2024-08-06,0.02222495712278586,0.02222495712278586,0.02304178847878613,0.0,4.074991965055837,3.1619375391995277
2024-08-07,-0.016396134533994907,-0.016396134533994907,-0.025930488006029262,0.0,4.008177848571833,3.079946955763501
2024-08-08,0.04008650550038324,0.04008650550038324,0.04168346465080486,0.0,4.168851691945122,3.2083298158204228
2024-08-09,0.00920424288560199,0.00920424288560199,0.0044519338433250955,0.0,4.207222815471837,3.2226130879080226
2024-08-12,0.014792854830901758,0.014792854830901758,0.020463366847194964,0.0,4.26945965182237,3.2885586017324564
2024-08-13,0.03563451984719227,0.03563451984719227,0.04266290832767616,0.0,4.421599796522021,3.428858075888359
2024-08-14,0.0051233553410839905,0.0051233553410839905,0.006960256420579292,0.0,4.444253223455668,3.4527238073263162
2024-08-15,0.024692535434287285,0.024692535434287285,0.029305783860980927,0.0,4.5539931036547925,3.5539085849554843
2024-08-16,0.0004916497492687784,0.0004916497492687784,0.006670399415008799,0.0,4.556232073222376,3.577614574701566
2024-08-19,0.015441679198911299,0.015441679198911299,0.02751737957062761,0.0,4.626587947252867,3.6760611529110383
2024-08-20,-0.007742338312618131,-0.007742338312618131,-0.010715825070573004,0.0,4.590767338132154,3.6366691246477147
2024-08-21,0.008447251504830722,0.008447251504830722,0.006273401601668338,0.0,4.629546704437518,3.6594834105590177
2024-08-22,-0.01711262708288811,-0.01711262708288811,-0.026269019729849075,0.0,4.550322998121665,3.5633523686459876
2024-08-23,0.01613284512704686,0.01613284512704686,0.026905989310608502,0.0,4.623732654328401,3.659227889386708
2024-08-26,-0.011341643578535399,-0.011341643578535399,-0.014485194162081938,0.0,4.571291926560573,3.606223262925636
2024-08-27,0.004805135258129459,0.004805135258129459,0.006511704676877672,0.0,4.593257602572092,3.629705923812694
2024-08-28,-0.010729745555465834,-0.010729745555465834,-0.015331082378678751,0.0,4.543973117225785,3.5740586032843433
2024-08-29,-0.0154973568119355,-0.0154973568119355,-0.033276024955585015,0.0,4.473553544484294,3.45512814000873
2024-08-30,0.005887411682801899,0.005220745016135232,0.01229934078322148,0.6666666666666666,4.496908826856075,3.4976239384523957
2024-09-03,-0.05310060153757641,-0.05310060153757641,-0.06225049684619466,0.0,4.25812026309038,3.27989511050259
2024-09-04,-0.010325349533825875,-0.010325349533825875,-0.011037997302001057,0.0,4.214153683016905,3.243691637122016
2024-09-05,0.00713097204521366,0.00713097204521366,0.00834410508175809,0.0,4.244204695124733,3.270757340994982
2024-09-06,-0.02935426231227944,-0.02935426231227944,-0.03334778397030591,0.0,4.119619197197033,3.161684831768189
2024-09-09,0.007489874597498355,0.007489874597498355,0.02009840601444557,0.0,4.150474628373486,3.2252296572067802
2024-09-10,0.003783975916356078,0.003783975916356078,0.011098682541421434,0.0,4.166179924408698,3.261025457295296
2024-09-11,0.03663361785373549,0.03663361785373549,0.05083790077777284,0.0,4.31880216766939,3.4268091459270655
2024-09-12,0.014336123505473456,0.014336123505473456,0.01704261881545066,0.0,4.380717048940805,3.4852109479544007
2024-09-13,0.005452920458510202,0.005452920458510202,0.002009258369055411,0.0,4.404604750559919,3.4922136372195016
2024-09-16,-0.014481367610363817,-0.014481367610363817,-0.01149539169883318,0.0,4.340820049988706,3.4520692735636564
2024-09-17,-1.5210496982720478e-05,-1.5210496982720478e-05,-0.0022719657512052516,0.0,4.340754023958434,3.4442262904033316
2024-09-18,0.0006198822424858808,0.0006198822424858808,-0.008900036437836212,0.0,4.343444780296885,3.4135725509185884
2024-09-19,0.03044606217310345,0.03044606217310345,0.03323987095432446,0.0,4.475685570123246,3.5270392620043465
2024-09-20,-0.0032831628652941753,-0.0032831628652941753,-0.0076133643675134755,0.0,4.460991165462684,3.5001866269641817
2024-09-23,-0.005325357812552056,-0.005325357812552056,9.677933235030522e-05,0.0,4.437234791307962,3.5005253726890406
2024-09-24,0.015448397338276484,0.015448397338276484,0.02021188456796086,0.0,4.505782957447312,3.5712775874490497
2024-09-25,0.0041713602780865475,0.0041713602780865475,0.011880885087251603,0.0,4.524578201497687,3.613707526080209
2024-09-26,0.005683288713247636,0.005683288713247636,0.002920416151697136,0.0,4.550292685722465,3.6242610559068833
2024-09-27,-0.004199974538893535,-0.004199974538893535,-0.012376765848927329,0.0,4.531181572297918,3.579404425442538
2024-09-30,0.011596841893840729,0.010930175227174063,0.00469847287320424,0.6666666666666666,4.580708180869276,3.5962221600377067
2024-10-01,-0.019554254898982694,-0.019554254898982694,-0.02363602485297256,0.0,4.491135845482702,3.511221763686245
2024-10-02,0.003994202619999793,0.003994202619999793,0.0061831565185663795,0.0,4.509074352043504,3.5329321974225136
2024-10-03,0.015383135645062586,0.015383135645062586,0.01820875420781798,0.0,4.578438054434662,3.5972624914382663
2024-10-04,0.014818674450394493,0.014818674450394493,0.013949474849055843,0.0,4.646284437454627,3.647442414088036
2024-10-07,-0.0062811548416137715,-0.0062811548416137715,0.0021523361757311843,0.0,4.617100405464794,3.655292936344774
2024-10-08,0.024250588244303886,0.024250588244303886,0.02813933233592114,0.0,4.729067806280329,3.7581504390657248
2024-10-09,0.003626082250990185,0.003626082250990185,-1.1936492863906523e-05,0.0,4.746215795116411,3.7581055799298273
2024-10-10,0.0009309683971994165,0.0009309683971994165,0.007849386289346727,0.0,4.750634372027953,3.787604402342846
2024-10-11,0.0013010327951509621,0.0013010327951509621,0.0017889423976364949,0.0,4.756815103143733,3.794380208443672
2024-10-14,0.013844860202287219,0.013844860202287219,0.01653330533957753,0.0,4.822672543254886,3.857113855004321
2024-10-15,-0.014288112882483254,-0.014288112882483254,-0.025820026855063127,0.0,4.753765653561608,3.7575230716850734
2024-10-16,0.002095002934871415,0.002095002934871415,0.013728712668633403,0.0,4.76372480655751,3.8091090262819987
2024-10-17,0.003584777207879345,0.003584777207879345,0.004178395000061563,0.0,4.780801698668667,3.8250249883921046
2024-10-18,0.006431170659992102,0.006431170659992102,0.006531880504213605,0.0,4.811547850284385,3.850009594541913
2024-10-21,0.015134110095673779,0.015134110095673779,0.024289204238306272,0.0,4.884366345181191,3.94352326390318
2024-10-22,0.0028175804046737247,0.0028175804046737247,0.0030576203193228846,0.0,4.898128440084622,3.955581060764613
2024-10-23,-0.027055412224822845,-0.027055412224822845,-0.02446027490691227,0.0,4.765607556008003,3.8588264606017346
2024-10-24,0.004174413630270564,0.004174413630270564,0.004538004713899868,0.0,4.785501173146324,3.8763378332700666
2024-10-25,0.007108238694372456,0.007108238694372456,0.008485043052996577,0.0,4.819517657757247,3.9092287266733226
2024-10-28,0.0033195269166031993,0.0033195269166031993,-0.001815813054103499,0.0,4.835516176347216,3.902130298119953
2024-10-29,0.010834535815260985,0.010834535815260985,0.009132097476421075,0.0,4.887906749545124,3.93776493236808
2024-10-30,-0.01043160008779753,-0.01043160008779753,-0.0059862689139648095,0.0,4.836918061067423,3.914192412562944
2024-10-31,-0.0354527005494264,-0.0354527005494264,-0.04154264850892797,0.0,4.665436253466288,3.751586492971529
2024-11-01,0.0019553195519931292,0.0019553195519931292,0.013972337208924435,0.0,4.674558672191268,3.8040049245197736
2024-11-04,-0.0035541321321754062,-0.0035541321321754062,-0.0010409978141528997,0.0,4.657944673010694,3.800044963708322
2024-11-05,0.018605044904340007,0.018605044904340007,0.020637741830337397,0.0,4.7446059428139895,3.878469310613008
2024-11-06,0.01226983936012101,0.01226983936012101,0.030657032543088603,0.0,4.802821495559392,3.9973716704858417
2024-11-07,0.02605979045780963,0.02605979045780963,0.022307768385721793,0.0,4.927982017339934,4.086544111862685
2024-11-08,-0.00452425133422818,-0.00452425133422818,-0.007701933701477537,0.0,4.905686588122931,4.055069820044955
2024-11-11,-0.012850458411226007,-0.012850458411226007,-0.011474032382741917,0.0,4.842646266643748,4.0085418176154795
2024-11-12,0.007896155278459252,0.007896155278459252,0.014487971385650944,0.0,4.880884553523819,4.066617456767278
2024-11-13,-0.00596489712351648,-0.00596489712351648,-0.00797080347221002,0.0,4.851770579290289,4.0342032482227275
2024-11-14,0.0040746842671826045,0.0040746842671826045,0.0005183761644678153,0.0,4.871540012537702,4.0362944830292244
2024-11-15,-0.028889547753877677,-0.028889547753877677,-0.030223002968938317,0.0,4.730803424710568,3.914305542885123
2024-11-18,0.0003702877234427933,0.0003702877234427933,-0.00453615587763645,0.0,4.73255518314076,3.8965496427898993
2024-11-19,0.02071833073225441,0.02071833073225441,0.03181785074564414,0.0,4.8306058266337155,4.020529477747181
2024-11-20,0.001143644140470005,0.001143644140470005,-0.005504083563654283,0.0,4.8361303206822654,3.9984001475315254
2024-11-21,-0.00034883684718341646,-0.00034883684718341646,-0.003775220484009356,0.0,4.834443300228631,3.9833053053912986
2024-11-22,-0.011096225073189636,-0.011096225073189636,-0.019845205411803457,0.0,4.78079922926572,3.9042557933878816
2024-11-25,-0.006015737792427183,-0.006015737792427183,-0.018458610427547928,0.0,4.75203919466422,3.8321886566882375
2024-11-26,0.010312757257636473,0.010312757257636473,0.010720814795783351,0.0,4.801045821357566,3.873272841539094
2024-11-27,-0.006553137531813412,-0.006553137531813412,-0.008820821672208878,0.0,4.769583907793672,3.839107392516068
2024-11-29,0.013570772480923086,0.013570772480923086,0.014352653646861002,0.0,4.834310845835012,3.894208771233955
2024-12-02,0.01483357095180874,0.01483357095180874,0.009463304339257128,0.0,4.906020938769805,3.931060853996746
2024-12-03,0.019883084999451496,0.019883084999451496,0.011966772022028005,0.0,5.003567770104454,3.978102963041244
2024-12-04,0.012162720109684777,0.012162720109684777,0.0237692809599801,0.0,5.064424764442075,4.0726596100575
2024-12-05,-0.0027535559471751903,-0.0027535559471751903,-0.0003001448082133873,0.0,5.050479587512924,4.071437222419921
2024-12-06,0.0018287327174954697,0.0018287327174954697,-0.004797276675748252,0.0,5.059715564773652,4.0519054115960325
2024-12-09,-0.008578518241345257,-0.008578518241345257,-0.013472373475558408,0.0,5.016310702505223,3.9973166286033743
2024-12-10,-0.004479416024525877,-0.004479416024525877,-0.00871138763278545,0.0,4.993840559960421,3.9624944539606313
2024-12-11,0.015932387890634038,0.015932387890634038,0.026955077376729975,0.0,5.0734043648256915,4.069303798572004
2024-12-12,-0.003721580613201084,-0.003721580613201084,-0.009465797921893948,0.0,5.054523281498627,4.030784591131925
2024-12-13,-0.012787956491771186,-0.012787956491771186,-0.015781813107876963,0.0,4.989886257688178,3.967171502036571
2024-12-16,0.0006833708230865967,0.0006833708230865967,-0.0007733611114095762,0.0,4.993296200367203,3.9641034458746036
2024-12-17,-0.0033889282089795128,-0.0033889282089795128,-0.0067691496313716515,0.0,4.976374278017988,3.9372698364952425
2024-12-18,-0.02289725241136516,-0.02289725241136516,-0.02238466831719277,0.0,4.862428980080785,3.8491353571300087
2024-12-19,0.006010846412657256,0.006010846412657256,0.008436022487802841,0.0,4.8916562938725034,3.8816067495613544
2024-12-20,0.010750047118129213,0.010750047118129213,0.01853621266815053,0.0,4.944241829517326,3.953557037765352
2024-12-23,0.021636056763159273,0.021636056763159273,0.02413303251816523,0.0,5.051215726391549,4.048968358320164
2024-12-24,0.009528664565743675,0.009528664565743675,0.007302712511210618,0.0,5.099347066697543,4.078536810207964
2024-12-26,-0.0020441969580285617,-0.0020441969580285617,-0.002558360216659006,0.0,5.088922996935868,4.068102443890549
2024-12-27,-0.013325633189433767,-0.013325633189433767,-0.017235617619408616,0.0,5.021109875749427,3.9979861857310697
2024-12-30,-0.00801590313872776,-0.00801590313872776,-0.0035928842812783524,0.0,4.98086114533651,3.9836218840075883
2024-12-31,-0.013341307571351027,-0.014007974238017694,-0.016626826191365907,0.6666666666666666,4.911089370729493,3.9173868953300723
2025-01-02,0.00033239880211425633,0.00033239880211425633,0.015442925903291105,0.0,4.912721810953399,3.977882810889178
2025-01-03,0.008337564111660756,0.008337564111660756,0.02848484424996256,0.0,4.953681944014977,4.09119218320196
2025-01-06,0.02142801828092248,0.02142801828092248,0.028464769861519912,0.0,5.059829531269206,4.207647027156053
2025-01-07,-0.01836174448742637,-0.01836174448742637,-0.04098756808384074,0.0,4.966922234266106,4.035185808157724
2025-01-08,-0.0031636634796963583,-0.0031636634796963583,-0.0014875628843953326,0.0,4.951208563787067,4.02918321551787
2025-01-10,-0.010016163561707092,-0.010016163561707092,-0.020990793599771518,0.0,4.901616448984051,3.9446074622652705
2025-01-13,-0.00825438351239897,-0.00825438351239897,-0.01405220959399811,0.0,4.861156626983453,3.88917701143947
2025-01-14,-0.010375972417503024,-0.010375972417503024,-0.010104906945230252,0.0,4.810717399904711,3.8498772396453456
2025-01-15,0.02794398592026881,0.02794398592026881,0.03147093782712229,0.0,4.94514801919404,3.9710364868962773
2025-01-16,-0.020625005587785943,-0.020625005587785943,-0.018028840299042614,0.0,4.8431543136657345,3.8994433042523533
2025-01-17,0.011289452391286462,0.011289452391286462,0.021853492760134596,0.0,4.897830873713517,3.9846597602703873
2025-01-21,-0.0015940817435028394,-0.0015940817435028394,0.012283578687364516,0.0,4.890023330934966,4.033605641978044
2025-01-22,0.011800989684888444,0.011800989684888444,0.031002693627077305,0.0,4.947730445822193,4.15865828190874
2025-01-23,0.007251659801459698,0.007251659801459698,0.0025526932768442645,0.0,4.983609703804621,4.169274060945661
2025-01-24,0.0036635025282604574,0.0036635025282604574,-0.015449949064482382,0.0,5.001867170554373,4.104858989068183
2025-01-27,0.01778088061899674,0.01778088061899674,-0.09450093007665794,0.0,5.090804773586079,3.7169459967677096
2025-01-28,0.02334610969819824,0.02334610969819824,0.056751553012158285,0.0,5.2096552602823305,3.927888454546602
2025-01-29,0.0010949656639445136,0.0010949656639445136,-0.021673863094330725,0.0,5.215359653913327,3.8427559379329566
2025-01-30,-0.00070293143616873,-0.00070293143616873,0.001470799173526549,0.0,5.211693613661666,3.8484078601905325
2025-01-31,0.003145726004131655,0.0024790593374649883,-0.016348534588682906,0.6666666666666666,5.224613711378621,3.7854920311768483
2025-02-03,-0.0009183074073872604,-0.0009183074073872604,-0.01879706784635704,0.0,5.219815909906725,3.714335880634973
2025-02-04,0.018261791513456634,0.018261791513456634,0.01647248575545368,0.0,5.315139099792066,3.775520225519703
2025-02-05,-0.032096971931674045,-0.032096971931674045,0.015360157552237963,0.0,5.1445392292930965,3.8335128110253467
2025-02-06,0.007591774957400302,0.007591774957400302,0.0188052758033741,0.0,5.183595413381408,3.9056030767324463
2025-02-07,-0.023216580675971245,-0.023216580675971245,-0.004726594150595953,0.0,5.063250052275044,3.887142876075413
2025-02-10,0.009179944583242781,0.009179944583242781,0.017986429654228253,0.0,5.10973040716603,3.957058697971878
2025-02-11,-0.0014838776484347909,-0.0014838776484347909,-0.0015621107901891973,0.0,5.102148192425308,3.950877333882364
2025-02-12,-0.005976665892223565,-0.005976665892223565,-0.006460525396563943,0.0,5.07165435734657,3.9253525905281084
2025-02-13,0.008151070315570053,0.008151070315570053,0.021257855101419754,0.0,5.112993768629569,4.008797167119537
2025-02-14,-0.0003644459284751762,-0.0003644459284751762,0.01515636130497433,0.0,5.111130358868273,4.069555945382758
2025-02-18,-0.014771808661775705,-0.014771808661775705,-0.0022934096718061348,0.0,5.035629719161678,4.060222786417661
2025-02-19,-0.0031714799679648147,-0.0031714799679648147,-0.0006540648907504831,0.0,5.019659320381268,4.05756713724444
2025-02-20,-0.011022619160797682,-0.011022619160797682,0.0014360448973667062,0.0,4.964329527375757,4.063393985827603
2025-02-21,-0.02368810552084954,-0.02368810552084954,-0.02995570934473002,0.0,4.84673396569101,3.9416721366350274
2025-02-24,-0.014236442990110657,-0.014236442990110657,-0.020702026173583743,0.0,4.777733713900218,3.8600715368947234
2025-02-25,-0.012284688624038604,-0.012284688624038604,-0.020279643914995593,0.0,4.719040742896381,3.7817906606400884
2025-02-26,0.005529340866041361,0.005529340866041361,0.01858775848160632,0.0,4.745133927724592,3.852085672068061
2025-02-27,-0.024536357609575912,-0.024536357609575912,-0.055021949240257606,0.0,4.62870562476861,3.6401364097504083
2025-02-28,0.014218055109260403,0.013551388442593737,0.02761531285279295,0.6666666666666666,4.691431012676269,3.7406599155325084
2025-03-03,-0.023211447536300996,-0.023211447536300996,-0.055621939477186744,0.0,4.582536107855358,3.532597156106021
2025-03-04,-0.012582715995264948,-0.012582715995264948,0.0069910459924771295,0.0,4.524875357472167,3.557293705297252
2025-03-05,0.015767970540017957,0.015767970540017957,0.014400024539637624,0.0,4.596223458806041,3.608518821948231
2025-03-06,-0.02732586717987373,-0.02732586717987373,-0.03839748365611062,0.0,4.470627667041688,3.469960779459706
2025-03-07,0.0016843094766085804,0.0016843094766085804,0.010592818548061711,0.0,4.478157587587675,3.5067174443654134
2025-03-10,-0.038781228872924234,-0.038781228872924234,-0.04576806801065747,0.0,4.304489133254415,3.3462217618775383
2025-03-11,-0.001913896666984309,-0.001913896666984309,0.006190117085990154,0.0,4.296250785849209,3.3669352663792487
2025-03-12,0.005695537668313691,0.005695537668313691,0.03704945300709328,0.0,4.320720244032536,3.491678376308892
2025-03-13,-0.03515387351109256,-0.03515387351109256,-0.014957571263719438,0.0,4.168830191096999,3.4394513481652633
2025-03-14,0.022913389403957114,0.022913389403957114,0.03847275777377157,0.0,4.264352220624578,3.5717765267578976
2025-03-17,-0.0044064245464781795,-0.0044064245464781795,-0.011081389175503165,0.0,4.245561674324789,3.5321962810169665
2025-03-18,-0.019433850073086584,-0.019433850073086584,-0.027514005254940965,0.0,4.163054065269919,3.435011413979583
2025-03-19,0.009671604564575867,0.009671604564575867,0.015111454038817085,0.0,4.20331747797016,3.4869194310847473
2025-03-20,-0.0016640314233300109,-0.0016640314233300109,0.0032832089688741295,0.0,4.196323025604585,3.4983677162346263
2025-03-21,0.014477193143118164,0.014477193143118164,0.0023328229623560404,0.0,4.257074004537176,3.5065287887738235
2025-03-24,0.028368271418435006,0.028368271418435006,0.02697721987841506,0.0,4.377839835346251,3.6011251869185674
2025-03-25,0.012596707419824917,0.012596707419824917,0.002575392244218877,0.0,4.4329862028829625,3.6103994967954187
2025-03-26,-0.018887666319786,-0.018887666319786,-0.04001193117620627,0.0,4.349257438682694,3.4659404406110306
2025-03-27,-0.0007106947637418224,-0.0007106947637418224,-0.012723093157229304,0.0,4.346166444194857,3.421842957507728
2025-03-28,-0.03745694662163501,-0.03745694662163501,-0.026667435092975755,0.0,4.183372319685909,3.3305911825400347
2025-03-31,0.0019963505517960702,0.0019963505517960702,-0.0055654354825033225,0.0,4.191723797324683,3.3120549921950135
2025-04-01,0.010512147014346846,0.010512147014346846,0.01485303911470126,0.0,4.235787814125696,3.3612490745441277
2025-04-02,0.00652869932643115,0.00652869932643115,0.002364893823217251,0.0,4.263441999174684,3.3691980717188117
2025-04-03,-0.09060992004080111,-0.09060992004080111,-0.07244519940626626,0.0,3.877131860530872,3.1251158455739345
2025-04-04,-0.0550007465061801,-0.0550007465061801,-0.06085154939346982,0.0,3.663886713898779,2.934947704336677
2025-04-07,0.003667315641225539,0.003667315641225539,0.01850328796051337,0.0,3.677323342952338,2.9892538868590663
2025-04-08,-0.029099898690601252,-0.029099898690601252,-0.017314741758966634,0.0,3.570313606219842,2.9374957277561142
2025-04-09,0.1402049198356289,0.1402049198356289,0.15653372789177267,0.0,4.07088913916795,3.3973128846879344
2025-04-10,-0.053830906620618395,-0.053830906620618395,-0.0522577362960871,0.0,3.8517494860545107,3.219777003844613
2025-04-11,0.018585490684507655,0.018585490684507655,0.025830993574966543,0.0,3.9233361402466334,3.3029470429437486
2025-04-14,-0.005021023529286016,-0.005021023529286016,-0.001059240644252335,0.0,3.9036369771731567,3.2994484271900495
2025-04-15,-0.011502767041705941,-0.011502767041705941,0.0017106718669714915,0.0,3.8587343504093448,3.3050927007909667
2025-04-16,-0.03501907523203799,-0.03501907523203799,-0.051744078486218203,0.0,3.723605041891911,3.134073724677012
2025-04-17,0.0008103456983384882,0.0008103456983384882,-0.017031264269478763,0.0,3.726622449219919,3.080696486832008
2025-04-21,-0.027860183237574998,-0.027860183237574998,-0.03575996021134753,0.0,3.6227980649273914,2.9705309030396574
2025-04-22,0.03377210340324802,0.03377210340324802,0.02469276742563875,0.0,3.7451475757852064,3.043881531759088
2025-04-23,0.03571164537626714,0.03571164537626714,0.03421978239928514,0.0,3.8788929578934344,3.148042495425087
2025-04-24,0.025357675122807954,0.025357675122807954,0.031515590211902644,0.0,3.9772526653558438,3.2472549126805594
2025-04-25,0.014661689311175136,0.014661689311175136,0.029378310384205353,0.0,4.035565908247334,3.3426537754019248
2025-04-28,0.0005990164082387099,0.0005990164082387099,-0.011332452250838454,0.0,4.037983278442904,3.3047733111010977
2025-04-29,0.003996593619874774,0.003996593619874774,0.003175613288255663,0.0,4.05412145665069,3.315267993142503
2025-04-30,-0.0065178386739650485,-0.007184505340631715,-0.0024866196883569502,0.6666666666666666,4.024994599393813,3.307024182478575
2025-05-01,0.02978715430090465,0.02978715430090465,0.029107538513613473,0.0,4.144887734586265,3.4032835162355215
2025-05-02,0.0197088493370224,0.0197088493370224,0.018611235710804364,0.0,4.226578702466098,3.466622827946876
2025-05-05,-0.004747033648966595,-0.004747033648966595,-0.006432829594130718,0.0,4.206514991145486,3.44432263402757
2025-05-06,-0.01103885060286495,-0.01103885060286495,-0.005504090612423407,0.0,4.160079900599519,3.4253647701514613
2025-05-07,-0.012140768628410958,-0.012140768628410958,0.010315455191081346,0.0,4.109573333050637,3.4606989669510675
2025-05-08,0.013008609965900808,0.013008609965900808,0.006308882016339057,0.0,4.1630331696665595,3.482532108427628
2025-05-09,-0.00468195278818854,-0.00468195278818854,-0.004378080530906714,0.0,4.143542044910518,3.4672853024054637
2025-05-12,0.0657688850809351,0.0657688850809351,0.054623404061294734,0.0,4.41605818549026,3.6566802284745457
2025-05-13,0.01526592782969723,0.01526592782969723,0.03521091275265742,0.0,4.483473411041698,3.7854352769637303
2025-05-14,0.012128293423288064,0.012128293423288064,0.0268485162731964,0.0,4.537850292126321,3.8870685975984225
2025-05-15,-0.018721802063186223,-0.018721802063186223,-0.007031290782643196,0.0,4.45289355716476,3.859737487996627
2025-05-16,0.0033833774798727925,0.0033833774798727925,0.003307091811937335,0.0,4.467959376946342,3.8725019942394083
2025-05-19,0.00167302405835749,0.00167302405835749,0.001039982946736906,0.0,4.475434380475738,3.876529330274622
2025-05-20,-0.01023637831151632,-0.01023637831151632,-0.00840938218026488,0.0,4.429622141048822,3.8439301136033364
2025-05-21,0.003654322658981764,0.003654322658981764,-0.012212133824340277,0.0,4.445809409609584,3.7969875246446008
2025-05-22,0.008411002229912866,0.008411002229912866,0.006579257836396346,0.0,4.483203122467578,3.821968884570818
2025-05-23,-0.013124736144376998,-0.013124736144376998,-0.013594727198253387,0.0,4.424362264403544,3.770010260224865
2025-05-27,0.025219100596036784,0.025219100596036784,0.028792549453380056,0.0,4.535940701422845,3.8785584670821396
2025-05-28,-0.0024904795487072544,-0.0024904795487072544,-0.003895365880846713,0.0,4.524644033871803,3.8634500627625985
2025-05-29,0.001390059676066239,0.001390059676066239,0.018178779946304235,0.0,4.530933559091841,3.933682871287095
2025-05-30,-9.002774615337228e-05,-0.0007566944128200389,-0.015370213675020117,0.6666666666666666,4.527505026982818,3.8732213250256455
2025-06-02,0.00795759475798415,0.00795759475798415,0.012718197962965139,0.0,4.563533077252284,3.9224817205917
2025-06-03,-0.0069109908513089735,-0.0069109908513089735,0.013713523336915001,0.0,4.531994541905748,3.976272765205657
2025-06-04,0.014946025823570963,0.014946025823570963,0.007746712415163115,0.0,4.599729849361354,4.00707580680195
2025-06-05,0.0014417793489407416,0.0014417793489407416,-0.007941939842079915,0.0,4.606361644868869,3.975251851801675
2025-06-06,0.01913730772614275,0.01913730772614275,0.015537458548608774,0.0,4.694515005164626,4.037017162669324
2025-06-09,0.0049701721683952736,0.0049701721683952736,0.004817191464505877,0.0,4.7178475529874095,4.056464247287399
2025-06-10,0.007466545823984464,0.007466545823984464,0.008182332518636093,0.0,4.753073577932363,4.089655586608663
2025-06-11,-0.00504956501446722,-0.00504956501446722,-0.008654151020353495,0.0,4.729072623882048,4.054263089540918
2025-06-12,0.0009322020385425324,0.0009322020385425324,0.008873190028974909,0.0,4.733481075022446,4.090237336361874
2025-06-13,-0.00971885921540568,-0.00971885921540568,-0.016119842364121784,0.0,4.687477038855516,4.024303355267874
2025-06-16,0.016601529396648752,0.016601529396648752,0.017787938167852513,0.0,4.765296326712192,4.09588741452006
2025-06-17,-0.004633057800386771,-0.004633057800386771,-0.005084365507198263,0.0,4.7432184333945635,4.075062425828307
2025-06-18,-0.0041463851577740645,-0.0041463851577740645,0.0038020171315755746,0.0,4.723551222882255,4.090555882983546
2025-06-20,-0.021247783306409824,-0.021247783306409824,-0.011699248493698744,0.0,4.623186230061726,4.04269945323116
2025-06-23,0.011008392531127321,0.011008392531127321,0.004769460295709349,0.0,4.674080078826748,4.061980947760832
2025-06-24,0.01253035737939238,0.01253035737939238,0.01906241332370806,0.0,4.732647972634346,4.1394121075000765
2025-06-25,0.007636701179886907,0.007636701179886907,0.026696721748229457,0.0,4.768789790990951,4.249920840735258
2025-06-26,0.01728207651536199,0.01728207651536199,0.008947671413612968,0.0,4.851204381044534,4.287947735952023
2025-06-27,0.01203431079544174,0.01203431079544174,0.015063250720728227,0.0,4.909585282298232,4.352538167776047
2025-06-30,-0.0012797944968747275,-0.001946461163541394,0.0012112797846979273,0.6666666666666666,4.900028965217144,4.357810309270801
2025-07-01,-0.022009138277615078,-0.022009138277615078,-0.019820197128297745,0.0,4.792183550157361,4.2714376498933255
2025-07-02,0.005319943438210813,0.005319943438210813,0.016592495909405036,0.0,4.8176776955897225,4.342311461626459
2025-07-03,0.012231901243723456,0.012231901243723456,0.011645134585487105,0.0,4.876607053386265,4.3928782630092025
2025-07-07,-0.0033555108774106688,-0.0033555108774106688,-0.006973829212765459,0.0,4.86024354537377,4.362243080250506
2025-07-08,0.0040472744474433124,0.0040472744474433124,0.004267569371139368,0.0,4.879914284883313,4.380859255209248
2025-07-09,0.01622583942265532,0.01622583942265532,0.015860246710947212,0.0,4.959094990466151,4.450340763802803
2025-07-10,-0.0013672199524972228,-0.0013672199524972228,0.004009767347155968,0.0,4.952314816848856,4.468185594881216
2025-07-11,-0.0015710634711673848,-0.0015710634711673848,0.0032972932250661113,0.0,4.944534415942384,4.4829185129715565
2025-07-14,-0.000332538700108594,-0.000332538700108594,-0.002609283354901737,0.0,4.942890166895063,4.471221308314279
2025-07-15,0.010456540370085662,0.010456540370085662,0.022888680172766573,0.0,4.9945756974701006,4.573561662821944
2025-07-16,-0.002333292369986917,-0.002333292369986917,0.0013108130715675514,0.0,4.982921892103872,4.579556747233191
2025-07-17,0.006467503819951981,0.006467503819951981,0.006926777801592898,0.0,5.015148958475576,4.611278319251061
2025-07-18,-0.0008476978515226477,-0.0008476978515226477,-0.0002648403746055017,0.0,5.0108976274784105,4.61005706657358
2025-07-21,0.002128066850798582,0.002128066850798582,0.0013705350621058265,0.0,5.021561152612192,4.616375311421628
2025-07-22,-0.015406126127061121,-0.015406126127061121,-0.016033402124849383,0.0,4.944198348140298,4.542359109694378
2025-07-23,0.012027160611250679,0.012027160611250679,0.013943318879065636,0.0,5.003663015767262,4.605694671224076
2025-07-24,0.009648654179845654,0.009648654179845654,0.012936111383681004,0.0,5.051941629838884,4.665274450490257
2025-07-25,0.0003973491951877093,0.0003973491951877093,-0.0002448461735969909,0.0,5.0539490147796355,4.6641321758922745
2025-07-28,0.00777409265764728,0.00777409265764728,0.011531689574622028,0.0,5.093238882707557,4.717917500279671
2025-07-29,-0.010482044558717854,-0.010482044558717854,-0.006430452358386796,0.0,5.039851325790822,4.687579156563324
2025-07-30,0.005295912442003299,0.005295912442003299,0.011508818269581056,0.0,5.066541937132925,4.741527653200487
2025-07-31,0.04806410515026416,0.04806410515026416,0.008040455538623092,0.0,5.310060741547505,4.779651695481197
2025-08-01,-0.023741845961545122,-0.023741845961545122,-0.025907838469802602,0.0,5.183990097375236,4.655821251412752
2025-08-04,0.031098593333693428,0.031098593333693428,0.029585952177066277,0.0,5.345204897259403,4.793568156302019
2025-08-05,-0.013675243907333804,-0.013675243907333804,-0.008751391603722736,0.0,5.272107916554705,4.751617764187085
2025-08-06,0.004118589263181019,0.004118589263181019,0.010608777505843658,0.0,5.293821563614159,4.80202661984016
2025-08-07,-0.0044823097521609805,-0.0044823097521609805,0.004966347356798684,0.0,5.270093015593371,4.82587515205088
2025-08-08,0.007595179195315197,0.007595179195315197,0.012842077213914838,0.0,5.310120316422783,4.88784941337823
2025-08-11,-0.0028262222920782207,-0.0028262222920782207,-0.0036975657566867826,0.0,5.295112736010891,4.869776268763482
2025-08-12,0.017288434413464726,0.017288434413464726,0.010072474014683808,0.0,5.386656945259317,4.918826963687926
2025-08-13,-0.0124972447391181,-0.0124972447391181,-0.006616441548211505,0.0,5.319338575088741,4.886281832596918
2025-08-14,0.002881896011097747,0.002881896011097747,0.0036475067808598993,0.0,5.334668355709967,4.904104578714508
2025-08-15,-0.00302771444764253,-0.00302771444764253,-0.004965413635108495,0.0,5.318516503256003,4.87975367097136
2025-08-18,-0.006667287194451421,-0.006667287194451421,0.0017671792092344152,0.0,5.283056426280366,4.8883770702048865
2025-08-19,-0.023293444989447628,-0.023293444989447628,-0.02569619142814994,0.0,5.159995842038656,4.762764397235923
2025-08-20,-0.004771520184875958,-0.004771520184875958,-0.005573593168059832,0.0,5.135374817724493,4.73621868613041
2025-08-21,-0.0050701746821885845,-0.0050701746821885845,-0.003303662879852398,0.0,5.109337570340117,4.720571816266178
2025-08-22,0.014786812176954395,0.014786812176954395,0.018321777705610387,0.0,5.1848883853413925,4.807061083727176
2025-08-25,0.000798643241161856,0.000798643241161856,0.005960778283580659,0.0,5.189029261406524,4.835714909042903
2025-08-26,0.002519959798052936,0.002519959798052936,0.006360840241517174,0.0,5.202105406536188,4.866474119032847
2025-08-27,-0.00016150612893162108,-0.00016150612893162108,-3.7001226813604404e-06,0.0,5.201265234629684,4.866456112481581
2025-08-28,0.0009463221841387408,0.0009463221841387408,-0.00046592005125090097,0.0,5.206187307306804,4.864188733000243
2025-08-29,-0.018519030300974272,-0.019185696967640938,-0.02171421634310078,0.6666666666666666,5.106302975272037,4.758566686518202
2025-09-02,-0.009981894512862317,-0.009981894512862317,-0.014404958533703716,0.0,5.0553323976221565,4.690019730719044
2025-09-03,0.03029455498682887,0.03029455498682887,0.012216190136139282,0.0,5.208481442918619,4.747313903491753
2025-09-04,0.006129998956853806,0.006129998956853806,0.008908618024920933,0.0,5.240409428730502,4.789605909702357
2025-09-05,-0.013646771672224018,-0.013646771672224018,-0.016535175360957277,0.0,5.168894757787647,4.7104089360755514
2025-09-08,0.003664593177817717,0.003664593177817717,0.004675504792568175,0.0,5.187836654253893,4.7324324756311285
2025-09-09,0.012954273589698952,0.012954273589698952,0.01205741057066434,0.0,5.255041309611767,4.789493356987759
2025-09-10,0.013496006235138209,0.013496006235138209,0.015558889812554488,0.0,5.325963379892196,4.864012556387093
2025-09-11,0.0018168098060256468,0.0018168098060256468,0.0010295475554125133,0.0,5.335639642387317,4.869020288624017
2025-09-12,0.007733992731906668,0.007733992731906668,0.005441475301026566,0.0,5.376905440601614,4.895514942264762
2025-09-15,0.018402095131155094,0.018402095131155094,0.008506405495814606,0.0,5.4758517660307895,4.937158177474485
2025-09-16,-0.010066005545175855,-0.010066005545175855,-0.007504702587101231,0.0,5.420731811789362,4.900106273727064
2025-09-17,-0.010270470595629798,-0.010270470595629798,-0.016025133280636705,0.0,5.365058345109584,4.821581417601304
2025-09-18,0.013960359379275124,0.013960359379275124,0.020497558628872703,0.0,5.439956487698093,4.92041206539247
2025-09-19,0.010585992660250879,0.010585992660250879,0.006551520478064621,0.0,5.49754382714895,4.952648245799405
2025-09-22,0.007988563406490271,0.007988563406490271,0.021418652145429373,0.0,5.541461304592088,5.058727295774853
2025-09-23,-0.013934614934645501,-0.013934614934645501,-0.020639869591755233,0.0,5.4642431751373595,4.954315824089807
2025-09-24,-0.008112218535311336,-0.008112218535311336,-0.006638395675073072,0.0,5.419916040370562,4.921427115350223
2025-09-25,-0.002503330254900016,-0.002503330254900016,0.0006247379607458026,0.0,5.406348200567685,4.924501717690226
2025-09-26,0.004867434442863342,0.004867434442863342,0.0019010896715823122,0.0,5.43266324600924,4.933863637043416
2025-09-29,0.005526514046154156,0.005526514046154156,0.01121525517112909,0.0,5.462686935746336,4.989198176712413
2025-09-30,0.00954263554440197,0.00954263554440197,0.013397501012128554,0.0,5.514815366267329,5.056040964334628
2025-10-01,0.004779840116926929,0.004779840116926929,0.0014101945926372483,0.0,5.541175301992459,5.0631709659626845
2025-10-02,0.0014663901301562214,0.0014663901301562214,0.006993574524183588,0.0,5.549300826764766,5.098580629441827
2025-10-03,-0.0016618417513529402,-0.0016618417513529402,-0.0062613330337931705,0.0,5.54007876696003,5.066656718121244
2025-10-06,0.010435435985489423,0.010435435985489423,-0.001793397093368343,0.0,5.597891904287211,5.05757019068987
2025-10-07,-0.010008865296920428,-0.010008865296920428,-0.004632686478199588,0.0,5.541863358270478,5.034140053654916
2025-10-08,0.006338962613362754,0.006338962613362754,0.014224774762913617,0.0,5.57699302290692,5.105749562043119
2025-10-09,0.0003321612794438362,0.0003321612794438362,0.010179915778300463,0.0,5.578845484044858,5.1577256625698125
2025-10-10,-0.030433362247297792,-0.030433362247297792,-0.04148122990899794,0.0,5.409062458507219,4.943776858553215
2025-10-13,0.02208698032861478,0.02208698032861478,0.023392740019175795,0.0,5.528532314624517,5.059425345318168
2025-10-14,-0.01321006663717635,-0.01321006663717635,-0.02696667495841243,0.0,5.455500034342544,4.922989466554619
2025-10-15,0.007116745505109508,0.007116745505109508,0.003427303277573568,0.0,5.494325439690076,4.939862044488802
2025-10-16,0.0030595370801402844,0.0030595370801402844,0.004611867064559405,0.0,5.511135532103166,4.9626440315552465
2025-10-17,0.006307757650421649,0.006307757650421649,0.0075677960320983395,0.0,5.5458984394183,5.000200309365967
2025-10-20,0.005305074886249391,0.005305074886249391,0.006139685557594143,0.0,5.575319845950948,5.030899966990459
2025-10-21,-0.010052613596034413,-0.010052613596034413,-0.005741357862092178,0.0,5.5192733098653015,5.002015769911579
2025-10-22,0.001872278043214918,0.001872278043214918,-0.003963298291079664,0.0,5.529606924097865,4.982191289358735
2025-10-23,0.005329759866554411,0.005329759866554411,0.00768586156275064,0.0,5.559078401159744,5.020483721887888
2025-10-24,0.01846453091554756,0.01846453091554756,0.018726229655002813,0.0,5.661724176159911,5.114498453043163
2025-10-27,0.02638616848088149,0.02638616848088149,0.0256188710832852,0.0,5.811115384164347,5.245526129567337
2025-10-28,0.02099452033853388,0.02099452033853388,0.03018161798589536,0.0,5.933116964286752,5.403844595344971
2025-10-29,0.01849396110992585,0.01849396110992585,0.020845153546002804,0.0,6.0428437986849115,5.516488565673674
2025-10-30,-0.008011612680860775,-0.008011612680860775,-0.022591693451482486,0.0,5.994430874678907,5.391861747069366
2025-10-31,-0.006040875111596085,-0.006707541778262752,-0.0009006937039442997,0.6666666666666666,5.95422297915009,5.387005331141243
2025-11-03,0.008598352279649075,0.008598352279649075,0.013985337363335626,0.0,6.005419485876404,5.46234441807534
2025-11-04,-0.019230084636341273,-0.019230084636341273,-0.0284601430590673,0.0,5.889934760886268,5.306885314499018
2025-11-05,0.0024161750605546555,0.0024161750605546555,-0.007321386070205382,0.0,5.904165874363816,5.268031558281268
2025-11-06,-0.012115684387373166,-0.012115684387373166,-0.026436540173124468,0.0,5.832632864059325,5.128763030357478
2025-11-07,-0.00841235335238392,-0.00841235335238392,-0.0022061309846503896,0.0,5.783566695432131,5.117448307323277
2025-11-10,0.03430006436138955,0.03430006436138955,0.04255288294286608,0.0,5.981943405323842,5.335210486110972
2025-11-11,-0.0012727782725134116,-0.0012727782725134116,-0.015131556468970686,0.0,5.974329717730141,5.254480447366539
2025-11-12,-0.006314768853662037,-0.006314768853662037,-0.003461330128059603,0.0,5.936603206507112,5.2362929558867695
2025-11-13,-0.02203419627972706,-0.02203419627972706,-0.027041684930960264,0.0,5.805794926220077,5.094694771567473
2025-11-14,0.0026604511524770764,0.0026604511524770764,0.00960374356130722,0.0,5.8212409600225845,5.143622913676739
2025-11-17,-0.0019314943663959853,-0.0019314943663959853,-0.010489236312799632,0.0,5.809997265902868,5.089670237431253
2025-11-18,-0.010250740137061768,-0.010250740137061768,-0.021538240858512525,0.0,5.750440493733058,4.980047693967056
2025-11-19,0.020881617188424663,0.020881617188424663,0.018463451686506094,0.0,5.870518990788008,5.071996563961113
2025-11-20,-0.017200354172634397,-0.017200354172634397,-0.023105751755136072,0.0,5.769543984969277,4.954804270451325
2025-11-21,0.015070418128977726,0.015070418128977726,0.0011128196755865183,0.0,5.856493425236293,4.960318074132163
2025-11-24,0.03332408617714636,0.03332408617714636,0.02571907576184418,0.0,6.051655716834759,5.087892870483612
2025-11-25,-0.0022832864616530255,-0.0022832864616530255,-0.007944861291303784,0.0,6.037838053265925,5.047470267362606
2025-11-26,0.0016751319917240144,0.0016751319917240144,0.007229192718456234,0.0,6.0479522289498,5.083959402666048
2025-11-28,-0.004227402155510799,-0.004227402155510799,-0.005790299721309289,0.0,6.022385102660712,5.054521753953643
2025-12-01,0.005072111816972018,0.005072111816972018,0.006423635727807575,0.0,6.052931313306274,5.08699016047932
2025-12-02,0.0074653285646056515,0.0074653285646056515,0.007626566253060574,0.0,6.098118434339095,5.125786427966882
2025-12-03,-0.0017792543689176083,-0.0017792543689176083,-0.008134817313274256,0.0,6.08726833047262,5.084089091788511
2025-12-04,0.00091016163037827,0.00091016163037827,0.01248169236760166,0.0,6.092808728540832,5.147547127801694
2025-12-05,-0.00021257998719007888,-0.00021257998719007888,2.4162378244874105e-05,0.0,6.091513519339367,5.147671504782429
2025-12-08,-0.002946769978962223,-0.002946769978962223,0.006022139798716131,0.0,6.073563230174135,5.178671502222096
2025-12-09,0.0016764494887648862,0.0016764494887648862,-0.0014039476742454537,0.0,6.0837452521463415,5.17140091841087
2025-12-10,0.00307014054421865,0.00307014054421865,-0.004062157413388667,0.0,6.102423205105653,5.1503938738325425
2025-12-11,-0.014164903245915164,-0.014164903245915164,-0.011527011695799061,0.0,6.015982970839705,5.091025223410903
2025-12-12,-0.013938492407154538,-0.013938492407154538,-0.022375681262929548,0.0,5.932129237879085,4.977110065710326
2025-12-15,-0.0037294850298592586,-0.0037294850298592586,0.0012787659088000503,0.0,5.910005450691225,4.983474624386702
2025-12-16,0.0015275299777504816,0.0015275299777504816,0.00548813823547234,0.0,5.919033161185824,5.010824622018305
2025-12-17,-0.026788877387316314,-0.026788877387316314,-0.027975513375056438,0.0,5.760468907579358,4.870644230784969
2025-12-18,0.013117485734836249,0.013117485734836249,0.01771927293686404,0.0,5.836031776300497,4.956948505288611
2025-12-19,0.02010428987165628,0.02010428987165628,0.02409519404593885,0.0,5.95336105083144,5.076387141399266
2025-12-22,0.0045272302432711,0.0045272302432711,0.009096710063024371,0.0,5.980313287029876,5.12256556339224
2025-12-23,0.016644249850861437,0.016644249850861437,0.020957666169722833,0.0,6.079851115565628,5.229922582402333
2025-12-24,0.00044186012884424785,0.00044186012884424785,-0.0009023923292573732,0.0,6.082537559362906,5.225203140381363
2025-12-26,0.002278593681067457,0.002278593681067457,0.0048500687515942165,0.0,6.096397191010525,5.250545734853259
2025-12-29,-0.003549235892214823,-0.003549235892214823,-0.0075679284897206545,0.0,6.074759639286993,5.2108099801998815
2025-12-30,-0.0017240230314375196,-0.0017240230314375196,-0.0010645455824060956,0.0,6.064286613758416,5.205262835454702
2025-12-31,-0.004240370626611645,-0.004240370626611645,-0.005617587320357997,0.0,6.038571790930081,5.176021816951121
